file,line,type,commit,author,date,time,timezone,datetime,depth,length
style.css,1,css,f2a068b4,van013-svg,2026-04-02,00:57:58,-07:00,2026-04-02T00:57:58-07:00,0,4
style.css,2,css,f2a068b4,van013-svg,2026-04-02,00:57:58,-07:00,2026-04-02T00:57:58-07:00,1,23
style.css,3,css,b50277a6,van013-svg,2026-04-10,00:14:20,-07:00,2026-04-10T00:14:20-07:00,1,15
style.css,4,css,b50277a6,van013-svg,2026-04-10,00:14:20,-07:00,2026-04-10T00:14:20-07:00,1,42
style.css,5,css,48b1a114,van013-svg,2026-04-10,00:00:10,-07:00,2026-04-10T00:00:10-07:00,1,15
style.css,6,css,48b1a114,van013-svg,2026-04-10,00:00:10,-07:00,2026-04-10T00:00:10-07:00,0,0
style.css,7,css,48b1a114,van013-svg,2026-04-10,00:00:10,-07:00,2026-04-10T00:00:10-07:00,0,0
style.css,8,css,48b1a114,van013-svg,2026-04-10,00:00:10,-07:00,2026-04-10T00:00:10-07:00,0,5
style.css,9,css,48b1a114,van013-svg,2026-04-10,00:00:10,-07:00,2026-04-10T00:00:10-07:00,1,31
style.css,10,css,48b1a114,van013-svg,2026-04-10,00:00:10,-07:00,2026-04-10T00:00:10-07:00,0,0
style.css,11,css,48b1a114,van013-svg,2026-04-10,00:00:10,-07:00,2026-04-10T00:00:10-07:00,0,0
style.css,12,css,48b1a114,van013-svg,2026-04-10,00:00:10,-07:00,2026-04-10T00:00:10-07:00,0,4
style.css,13,css,bb14a253,van013-svg,2026-04-17,17:16:58,-07:00,2026-04-17T17:16:58-07:00,1,23
style.css,14,css,48b1a114,van013-svg,2026-04-10,00:00:10,-07:00,2026-04-10T00:00:10-07:00,1,32
style.css,15,css,fcdd51aa,van013-svg,2026-04-04,18:38:37,-07:00,2026-04-04T18:38:37-07:00,0,0
style.css,16,css,fcdd51aa,van013-svg,2026-04-04,18:38:37,-07:00,2026-04-04T18:38:37-07:00,0,0
style.css,17,css,fcdd51aa,van013-svg,2026-04-04,18:38:37,-07:00,2026-04-04T18:38:37-07:00,0,14
style.css,18,css,fcdd51aa,van013-svg,2026-04-04,18:38:37,-07:00,2026-04-04T18:38:37-07:00,1,16
style.css,19,css,aa7fcc5f,van013-svg,2026-04-04,18:49:20,-07:00,2026-04-04T18:49:20-07:00,0,0
style.css,20,css,aa7fcc5f,van013-svg,2026-04-04,18:49:20,-07:00,2026-04-04T18:49:20-07:00,0,0
style.css,21,css,aa7fcc5f,van013-svg,2026-04-04,18:49:20,-07:00,2026-04-04T18:49:20-07:00,0,3
style.css,22,css,bd8a008a,van013-svg,2026-04-17,17:09:34,-07:00,2026-04-17T17:09:34-07:00,1,39
style.css,23,css,bd8a008a,van013-svg,2026-04-17,17:09:34,-07:00,2026-04-17T17:09:34-07:00,0,0
style.css,24,css,aa7fcc5f,van013-svg,2026-04-04,18:49:20,-07:00,2026-04-04T18:49:20-07:00,1,12
style.css,25,css,48b1a114,van013-svg,2026-04-10,00:00:10,-07:00,2026-04-10T00:00:10-07:00,1,17
style.css,26,css,aa7fcc5f,van013-svg,2026-04-04,18:49:20,-07:00,2026-04-04T18:49:20-07:00,1,41
style.css,27,css,aa7fcc5f,van013-svg,2026-04-04,18:49:20,-07:00,2026-04-04T18:49:20-07:00,0,0
style.css,28,css,aa7fcc5f,van013-svg,2026-04-04,18:49:20,-07:00,2026-04-04T18:49:20-07:00,0,0
style.css,29,css,aa7fcc5f,van013-svg,2026-04-04,18:49:20,-07:00,2026-04-04T18:49:20-07:00,0,5
style.css,30,css,aa7fcc5f,van013-svg,2026-04-04,18:49:20,-07:00,2026-04-04T18:49:20-07:00,1,6
style.css,31,css,aa7fcc5f,van013-svg,2026-04-04,18:49:20,-07:00,2026-04-04T18:49:20-07:00,1,20
style.css,32,css,aa7fcc5f,van013-svg,2026-04-04,18:49:20,-07:00,2026-04-04T18:49:20-07:00,1,13
style.css,33,css,aa7fcc5f,van013-svg,2026-04-04,18:49:20,-07:00,2026-04-04T18:49:20-07:00,1,17
style.css,34,css,aa7fcc5f,van013-svg,2026-04-04,18:49:20,-07:00,2026-04-04T18:49:20-07:00,1,15
style.css,35,css,aa7fcc5f,van013-svg,2026-04-04,18:49:20,-07:00,2026-04-04T18:49:20-07:00,0,0
style.css,36,css,aa7fcc5f,van013-svg,2026-04-04,18:49:20,-07:00,2026-04-04T18:49:20-07:00,0,0
style.css,37,css,aa7fcc5f,van013-svg,2026-04-04,18:49:20,-07:00,2026-04-04T18:49:20-07:00,0,13
style.css,38,css,aa7fcc5f,van013-svg,2026-04-04,18:49:20,-07:00,2026-04-04T18:49:20-07:00,1,43
style.css,39,css,aa7fcc5f,van013-svg,2026-04-04,18:49:20,-07:00,2026-04-04T18:49:20-07:00,1,20
style.css,40,css,c9660d7c,van013-svg,2026-04-05,12:37:27,-07:00,2026-04-05T12:37:27-07:00,0,0
style.css,41,css,c9660d7c,van013-svg,2026-04-05,12:37:27,-07:00,2026-04-05T12:37:27-07:00,0,0
style.css,42,css,c9660d7c,van013-svg,2026-04-05,12:37:27,-07:00,2026-04-05T12:37:27-07:00,0,11
style.css,43,css,739f746a,van013-svg,2026-04-17,17:11:20,-07:00,2026-04-17T17:11:20-07:00,1,69
style.css,44,css,c9660d7c,van013-svg,2026-04-05,12:37:27,-07:00,2026-04-05T12:37:27-07:00,1,45
style.css,45,css,c9660d7c,van013-svg,2026-04-05,12:37:27,-07:00,2026-04-05T12:37:27-07:00,1,20
style.css,46,css,10b05520,van013-svg,2026-04-05,12:41:50,-07:00,2026-04-05T12:41:50-07:00,0,0
style.css,47,css,10b05520,van013-svg,2026-04-05,12:41:50,-07:00,2026-04-05T12:41:50-07:00,0,0
style.css,48,css,26ca0577,van013-svg,2026-04-09,23:49:55,-07:00,2026-04-09T23:49:55-07:00,0,22
style.css,49,css,26ca0577,van013-svg,2026-04-09,23:49:55,-07:00,2026-04-09T23:49:55-07:00,1,15
style.css,50,css,26ca0577,van013-svg,2026-04-09,23:49:55,-07:00,2026-04-09T23:49:55-07:00,1,17
style.css,51,css,48b1a114,van013-svg,2026-04-10,00:00:10,-07:00,2026-04-10T00:00:10-07:00,1,12
style.css,52,css,26ca0577,van013-svg,2026-04-09,23:49:55,-07:00,2026-04-09T23:49:55-07:00,0,0
style.css,53,css,26ca0577,van013-svg,2026-04-09,23:49:55,-07:00,2026-04-09T23:49:55-07:00,0,0
style.css,54,css,26ca0577,van013-svg,2026-04-09,23:49:55,-07:00,2026-04-09T23:49:55-07:00,0,2
style.css,55,css,f42631bd,van013-svg,2026-04-10,00:07:20,-07:00,2026-04-10T00:07:20-07:00,1,14
style.css,56,css,48b1a114,van013-svg,2026-04-10,00:00:10,-07:00,2026-04-10T00:00:10-07:00,0,0
style.css,57,css,26ca0577,van013-svg,2026-04-09,23:49:55,-07:00,2026-04-09T23:49:55-07:00,0,0
style.css,58,css,48b1a114,van013-svg,2026-04-10,00:00:10,-07:00,2026-04-10T00:00:10-07:00,0,2
style.css,59,css,48b1a114,van013-svg,2026-04-10,00:00:10,-07:00,2026-04-10T00:00:10-07:00,1,16
style.css,60,css,48b1a114,van013-svg,2026-04-10,00:00:10,-07:00,2026-04-10T00:00:10-07:00,1,14
style.css,61,css,48b1a114,van013-svg,2026-04-10,00:00:10,-07:00,2026-04-10T00:00:10-07:00,1,41
style.css,62,css,48b1a114,van013-svg,2026-04-10,00:00:10,-07:00,2026-04-10T00:00:10-07:00,1,20
style.css,63,css,26ca0577,van013-svg,2026-04-09,23:49:55,-07:00,2026-04-09T23:49:55-07:00,0,0
style.css,64,css,26ca0577,van013-svg,2026-04-09,23:49:55,-07:00,2026-04-09T23:49:55-07:00,0,0
style.css,65,css,48b1a114,van013-svg,2026-04-10,00:00:10,-07:00,2026-04-10T00:00:10-07:00,0,2
style.css,66,css,48b1a114,van013-svg,2026-04-10,00:00:10,-07:00,2026-04-10T00:00:10-07:00,1,16
style.css,67,css,48b1a114,van013-svg,2026-04-10,00:00:10,-07:00,2026-04-10T00:00:10-07:00,1,19
style.css,68,css,48b1a114,van013-svg,2026-04-10,00:00:10,-07:00,2026-04-10T00:00:10-07:00,1,15
style.css,69,css,48b1a114,van013-svg,2026-04-10,00:00:10,-07:00,2026-04-10T00:00:10-07:00,0,0
style.css,70,css,48b1a114,van013-svg,2026-04-10,00:00:10,-07:00,2026-04-10T00:00:10-07:00,0,0
style.css,71,css,48b1a114,van013-svg,2026-04-10,00:00:10,-07:00,2026-04-10T00:00:10-07:00,0,6
style.css,72,css,48b1a114,van013-svg,2026-04-10,00:00:10,-07:00,2026-04-10T00:00:10-07:00,1,16
style.css,73,css,774d5faf,van013-svg,2026-04-09,23:52:32,-07:00,2026-04-09T23:52:32-07:00,0,0
style.css,74,css,774d5faf,van013-svg,2026-04-09,23:52:32,-07:00,2026-04-09T23:52:32-07:00,0,0
style.css,75,css,774d5faf,van013-svg,2026-04-09,23:52:32,-07:00,2026-04-09T23:52:32-07:00,0,6
style.css,76,css,774d5faf,van013-svg,2026-04-09,23:52:32,-07:00,2026-04-09T23:52:32-07:00,1,17
style.css,77,css,48b1a114,van013-svg,2026-04-10,00:00:10,-07:00,2026-04-10T00:00:10-07:00,1,43
style.css,78,css,48b1a114,van013-svg,2026-04-10,00:00:10,-07:00,2026-04-10T00:00:10-07:00,1,20
style.css,79,css,774d5faf,van013-svg,2026-04-09,23:52:32,-07:00,2026-04-09T23:52:32-07:00,0,0
style.css,80,css,774d5faf,van013-svg,2026-04-09,23:52:32,-07:00,2026-04-09T23:52:32-07:00,0,0
style.css,81,css,774d5faf,van013-svg,2026-04-09,23:52:32,-07:00,2026-04-09T23:52:32-07:00,0,9
style.css,82,css,774d5faf,van013-svg,2026-04-09,23:52:32,-07:00,2026-04-09T23:52:32-07:00,1,19
style.css,83,css,774d5faf,van013-svg,2026-04-09,23:52:32,-07:00,2026-04-09T23:52:32-07:00,0,0
style.css,84,css,774d5faf,van013-svg,2026-04-09,23:52:32,-07:00,2026-04-09T23:52:32-07:00,0,0
style.css,85,css,774d5faf,van013-svg,2026-04-09,23:52:32,-07:00,2026-04-09T23:52:32-07:00,0,8
style.css,86,css,774d5faf,van013-svg,2026-04-09,23:52:32,-07:00,2026-04-09T23:52:32-07:00,1,8
style.css,87,css,774d5faf,van013-svg,2026-04-09,23:52:32,-07:00,2026-04-09T23:52:32-07:00,1,23
style.css,88,css,774d5faf,van013-svg,2026-04-09,23:52:32,-07:00,2026-04-09T23:52:32-07:00,0,0
style.css,89,css,774d5faf,van013-svg,2026-04-09,23:52:32,-07:00,2026-04-09T23:52:32-07:00,0,0
style.css,90,css,48b1a114,van013-svg,2026-04-10,00:00:10,-07:00,2026-04-10T00:00:10-07:00,0,11
style.css,91,css,48b1a114,van013-svg,2026-04-10,00:00:10,-07:00,2026-04-10T00:00:10-07:00,1,12
style.css,92,css,48b1a114,van013-svg,2026-04-10,00:00:10,-07:00,2026-04-10T00:00:10-07:00,1,29
style.css,93,css,48b1a114,van013-svg,2026-04-10,00:00:10,-07:00,2026-04-10T00:00:10-07:00,1,20
style.css,94,css,48b1a114,van013-svg,2026-04-10,00:00:10,-07:00,2026-04-10T00:00:10-07:00,1,7
style.css,95,css,774d5faf,van013-svg,2026-04-09,23:52:32,-07:00,2026-04-09T23:52:32-07:00,0,0
style.css,96,css,774d5faf,van013-svg,2026-04-09,23:52:32,-07:00,2026-04-09T23:52:32-07:00,0,0
style.css,97,css,48b1a114,van013-svg,2026-04-10,00:00:10,-07:00,2026-04-10T00:00:10-07:00,0,14
style.css,98,css,48b1a114,van013-svg,2026-04-10,00:00:10,-07:00,2026-04-10T00:00:10-07:00,1,8
style.css,99,css,774d5faf,van013-svg,2026-04-09,23:52:32,-07:00,2026-04-09T23:52:32-07:00,0,0
style.css,100,css,774d5faf,van013-svg,2026-04-09,23:52:32,-07:00,2026-04-09T23:52:32-07:00,0,0
style.css,101,css,48b1a114,van013-svg,2026-04-10,00:00:10,-07:00,2026-04-10T00:00:10-07:00,0,13
style.css,102,css,48b1a114,van013-svg,2026-04-10,00:00:10,-07:00,2026-04-10T00:00:10-07:00,1,8
style.css,103,css,48b1a114,van013-svg,2026-04-10,00:00:10,-07:00,2026-04-10T00:00:10-07:00,1,23
style.css,104,css,48b1a114,van013-svg,2026-04-10,00:00:10,-07:00,2026-04-10T00:00:10-07:00,1,15
style.css,105,css,48b1a114,van013-svg,2026-04-10,00:00:10,-07:00,2026-04-10T00:00:10-07:00,1,18
style.css,106,css,774d5faf,van013-svg,2026-04-09,23:52:32,-07:00,2026-04-09T23:52:32-07:00,0,0
style.css,107,css,774d5faf,van013-svg,2026-04-09,23:52:32,-07:00,2026-04-09T23:52:32-07:00,0,0
style.css,108,css,48b1a114,van013-svg,2026-04-10,00:00:10,-07:00,2026-04-10T00:00:10-07:00,0,7
style.css,109,css,48b1a114,van013-svg,2026-04-10,00:00:10,-07:00,2026-04-10T00:00:10-07:00,1,17
style.css,110,css,0c192307,van013-svg,2026-04-10,00:06:36,-07:00,2026-04-10T00:06:36-07:00,1,16
style.css,111,css,0c192307,van013-svg,2026-04-10,00:06:36,-07:00,2026-04-10T00:06:36-07:00,1,14
style.css,112,css,774d5faf,van013-svg,2026-04-09,23:52:32,-07:00,2026-04-09T23:52:32-07:00,0,0
style.css,113,css,774d5faf,van013-svg,2026-04-09,23:52:32,-07:00,2026-04-09T23:52:32-07:00,0,0
style.css,114,css,774d5faf,van013-svg,2026-04-09,23:52:32,-07:00,2026-04-09T23:52:32-07:00,0,4
style.css,115,css,774d5faf,van013-svg,2026-04-09,23:52:32,-07:00,2026-04-09T23:52:32-07:00,1,19
style.css,116,css,774d5faf,van013-svg,2026-04-09,23:52:32,-07:00,2026-04-09T23:52:32-07:00,0,0
style.css,117,css,774d5faf,van013-svg,2026-04-09,23:52:32,-07:00,2026-04-09T23:52:32-07:00,0,0
style.css,118,css,774d5faf,van013-svg,2026-04-09,23:52:32,-07:00,2026-04-09T23:52:32-07:00,0,8
style.css,119,css,774d5faf,van013-svg,2026-04-09,23:52:32,-07:00,2026-04-09T23:52:32-07:00,1,8
style.css,120,css,774d5faf,van013-svg,2026-04-09,23:52:32,-07:00,2026-04-09T23:52:32-07:00,1,23
style.css,121,css,774d5faf,van013-svg,2026-04-09,23:52:32,-07:00,2026-04-09T23:52:32-07:00,1,15
style.css,122,css,774d5faf,van013-svg,2026-04-09,23:52:32,-07:00,2026-04-09T23:52:32-07:00,0,0
style.css,123,css,774d5faf,van013-svg,2026-04-09,23:52:32,-07:00,2026-04-09T23:52:32-07:00,0,0
style.css,124,css,774d5faf,van013-svg,2026-04-09,23:52:32,-07:00,2026-04-09T23:52:32-07:00,0,2
style.css,125,css,774d5faf,van013-svg,2026-04-09,23:52:32,-07:00,2026-04-09T23:52:32-07:00,1,16
style.css,126,css,48b1a114,van013-svg,2026-04-10,00:00:10,-07:00,2026-04-10T00:00:10-07:00,1,18
style.css,127,css,774d5faf,van013-svg,2026-04-09,23:52:32,-07:00,2026-04-09T23:52:32-07:00,0,0
style.css,128,css,774d5faf,van013-svg,2026-04-09,23:52:32,-07:00,2026-04-09T23:52:32-07:00,0,0
style.css,129,css,774d5faf,van013-svg,2026-04-09,23:52:32,-07:00,2026-04-09T23:52:32-07:00,0,2
style.css,130,css,774d5faf,van013-svg,2026-04-09,23:52:32,-07:00,2026-04-09T23:52:32-07:00,1,19
style.css,131,css,774d5faf,van013-svg,2026-04-09,23:52:32,-07:00,2026-04-09T23:52:32-07:00,0,0
style.css,132,css,774d5faf,van013-svg,2026-04-09,23:52:32,-07:00,2026-04-09T23:52:32-07:00,0,0
style.css,133,css,48b1a114,van013-svg,2026-04-10,00:00:10,-07:00,2026-04-10T00:00:10-07:00,0,4
style.css,134,css,48b1a114,van013-svg,2026-04-10,00:00:10,-07:00,2026-04-10T00:00:10-07:00,0,7
style.css,135,css,6916f564,van013-svg,2026-04-17,17:14:46,-07:00,2026-04-17T17:14:46-07:00,0,5
style.css,136,css,6916f564,van013-svg,2026-04-17,17:14:46,-07:00,2026-04-17T17:14:46-07:00,0,6
style.css,137,css,48b1a114,van013-svg,2026-04-10,00:00:10,-07:00,2026-04-10T00:00:10-07:00,1,12
style.css,138,css,48b1a114,van013-svg,2026-04-10,00:00:10,-07:00,2026-04-10T00:00:10-07:00,1,34
style.css,139,css,48b1a114,van013-svg,2026-04-10,00:00:10,-07:00,2026-04-10T00:00:10-07:00,1,10
style.css,140,css,48b1a114,van013-svg,2026-04-10,00:00:10,-07:00,2026-04-10T00:00:10-07:00,1,21
style.css,141,css,48b1a114,van013-svg,2026-04-10,00:00:10,-07:00,2026-04-10T00:00:10-07:00,0,0
style.css,142,css,48b1a114,van013-svg,2026-04-10,00:00:10,-07:00,2026-04-10T00:00:10-07:00,0,0
style.css,143,css,48b1a114,van013-svg,2026-04-10,00:00:10,-07:00,2026-04-10T00:00:10-07:00,0,4
style.css,144,css,48b1a114,van013-svg,2026-04-10,00:00:10,-07:00,2026-04-10T00:00:10-07:00,1,12
style.css,145,css,48b1a114,van013-svg,2026-04-10,00:00:10,-07:00,2026-04-10T00:00:10-07:00,1,30
style.css,146,css,48b1a114,van013-svg,2026-04-10,00:00:10,-07:00,2026-04-10T00:00:10-07:00,1,7
style.css,147,css,48b1a114,van013-svg,2026-04-10,00:00:10,-07:00,2026-04-10T00:00:10-07:00,0,0
style.css,148,css,48b1a114,van013-svg,2026-04-10,00:00:10,-07:00,2026-04-10T00:00:10-07:00,0,0
style.css,149,css,48b1a114,van013-svg,2026-04-10,00:00:10,-07:00,2026-04-10T00:00:10-07:00,0,6
style.css,150,css,48b1a114,van013-svg,2026-04-10,00:00:10,-07:00,2026-04-10T00:00:10-07:00,1,18
style.css,151,css,48b1a114,van013-svg,2026-04-10,00:00:10,-07:00,2026-04-10T00:00:10-07:00,0,0
style.css,152,css,48b1a114,van013-svg,2026-04-10,00:00:10,-07:00,2026-04-10T00:00:10-07:00,0,0
style.css,153,css,48b1a114,van013-svg,2026-04-10,00:00:10,-07:00,2026-04-10T00:00:10-07:00,0,5
style.css,154,css,48b1a114,van013-svg,2026-04-10,00:00:10,-07:00,2026-04-10T00:00:10-07:00,1,12
style.css,155,css,48b1a114,van013-svg,2026-04-10,00:00:10,-07:00,2026-04-10T00:00:10-07:00,1,29
style.css,156,css,48b1a114,van013-svg,2026-04-10,00:00:10,-07:00,2026-04-10T00:00:10-07:00,1,18
style.css,157,css,48b1a114,van013-svg,2026-04-10,00:00:10,-07:00,2026-04-10T00:00:10-07:00,1,7
style.css,158,css,48b1a114,van013-svg,2026-04-10,00:00:10,-07:00,2026-04-10T00:00:10-07:00,0,0
style.css,159,css,48b1a114,van013-svg,2026-04-10,00:00:10,-07:00,2026-04-10T00:00:10-07:00,0,0
style.css,160,css,48b1a114,van013-svg,2026-04-10,00:00:10,-07:00,2026-04-10T00:00:10-07:00,0,9
style.css,161,css,48b1a114,van013-svg,2026-04-10,00:00:10,-07:00,2026-04-10T00:00:10-07:00,1,12
style.css,162,css,48b1a114,van013-svg,2026-04-10,00:00:10,-07:00,2026-04-10T00:00:10-07:00,1,58
style.css,163,css,48b1a114,van013-svg,2026-04-10,00:00:10,-07:00,2026-04-10T00:00:10-07:00,1,7
style.css,164,css,48b1a114,van013-svg,2026-04-10,00:00:10,-07:00,2026-04-10T00:00:10-07:00,0,0
style.css,165,css,48b1a114,van013-svg,2026-04-10,00:00:10,-07:00,2026-04-10T00:00:10-07:00,0,0
style.css,166,css,48b1a114,van013-svg,2026-04-10,00:00:10,-07:00,2026-04-10T00:00:10-07:00,0,17
style.css,167,css,48b1a114,van013-svg,2026-04-10,00:00:10,-07:00,2026-04-10T00:00:10-07:00,1,12
style.css,168,css,48b1a114,van013-svg,2026-04-10,00:00:10,-07:00,2026-04-10T00:00:10-07:00,1,26
style.css,169,css,48b1a114,van013-svg,2026-04-10,00:00:10,-07:00,2026-04-10T00:00:10-07:00,1,15
style.css,170,css,48b1a114,van013-svg,2026-04-10,00:00:10,-07:00,2026-04-10T00:00:10-07:00,1,7
style.css,171,css,48b1a114,van013-svg,2026-04-10,00:00:10,-07:00,2026-04-10T00:00:10-07:00,0,0
style.css,172,css,48b1a114,van013-svg,2026-04-10,00:00:10,-07:00,2026-04-10T00:00:10-07:00,0,0
style.css,173,css,48b1a114,van013-svg,2026-04-10,00:00:10,-07:00,2026-04-10T00:00:10-07:00,0,20
style.css,174,css,48b1a114,van013-svg,2026-04-10,00:00:10,-07:00,2026-04-10T00:00:10-07:00,1,8
style.css,175,css,6916f564,van013-svg,2026-04-17,17:14:46,-07:00,2026-04-17T17:14:46-07:00,0,0
style.css,176,css,6916f564,van013-svg,2026-04-17,17:14:46,-07:00,2026-04-17T17:14:46-07:00,0,0
style.css,177,css,5cba2c7b,van013-svg,2026-04-24,10:25:37,-07:00,2026-04-24T10:25:37-07:00,0,21
style.css,178,css,5cba2c7b,van013-svg,2026-04-24,10:25:37,-07:00,2026-04-24T10:25:37-07:00,1,10
style.css,179,css,5cba2c7b,van013-svg,2026-04-24,10:25:37,-07:00,2026-04-24T10:25:37-07:00,1,12
style.css,180,css,5cba2c7b,van013-svg,2026-04-24,10:25:37,-07:00,2026-04-24T10:25:37-07:00,1,16
style.css,181,css,5cba2c7b,van013-svg,2026-04-24,10:25:37,-07:00,2026-04-24T10:25:37-07:00,1,13
style.css,182,css,5cba2c7b,van013-svg,2026-04-24,10:25:37,-07:00,2026-04-24T10:25:37-07:00,0,0
style.css,183,css,5cba2c7b,van013-svg,2026-04-24,10:25:37,-07:00,2026-04-24T10:25:37-07:00,0,0
style.css,184,css,5cba2c7b,van013-svg,2026-04-24,10:25:37,-07:00,2026-04-24T10:25:37-07:00,0,19
style.css,185,css,5cba2c7b,van013-svg,2026-04-24,10:25:37,-07:00,2026-04-24T10:25:37-07:00,1,8
style.css,186,css,5cba2c7b,van013-svg,2026-04-24,10:25:37,-07:00,2026-04-24T10:25:37-07:00,0,0
style.css,187,css,5cba2c7b,van013-svg,2026-04-24,10:25:37,-07:00,2026-04-24T10:25:37-07:00,0,0
style.css,188,css,6916f564,van013-svg,2026-04-17,17:14:46,-07:00,2026-04-17T17:14:46-07:00,0,18
style.css,189,css,6916f564,van013-svg,2026-04-17,17:14:46,-07:00,2026-04-17T17:14:46-07:00,1,17
style.css,190,css,6916f564,van013-svg,2026-04-17,17:14:46,-07:00,2026-04-17T17:14:46-07:00,1,8
style.css,191,css,6916f564,van013-svg,2026-04-17,17:14:46,-07:00,2026-04-17T17:14:46-07:00,1,10
style.css,192,css,6916f564,van013-svg,2026-04-17,17:14:46,-07:00,2026-04-17T17:14:46-07:00,1,13
style.css,193,css,e3d34c1a,van013-svg,2026-04-17,17:18:27,-07:00,2026-04-17T17:18:27-07:00,0,0
style.css,194,css,e3d34c1a,van013-svg,2026-04-17,17:18:27,-07:00,2026-04-17T17:18:27-07:00,1,12
style.css,195,css,e3d34c1a,van013-svg,2026-04-17,17:18:27,-07:00,2026-04-17T17:18:27-07:00,1,18
style.css,196,css,e3d34c1a,van013-svg,2026-04-17,17:18:27,-07:00,2026-04-17T17:18:27-07:00,1,9
style.css,197,css,4decb8a6,van013-svg,2026-04-24,07:20:34,-07:00,2026-04-24T07:20:34-07:00,0,0
style.css,198,css,4decb8a6,van013-svg,2026-04-24,07:20:34,-07:00,2026-04-24T07:20:34-07:00,0,0
style.css,199,css,cb678202,van013-svg,2026-04-24,07:27:10,-07:00,2026-04-24T07:27:10-07:00,0,14
style.css,200,css,67203aaf,van013-svg,2026-04-24,07:31:02,-07:00,2026-04-24T07:31:02-07:00,1,46
style.css,201,css,41943f82,van013-svg,2026-04-24,07:33:01,-07:00,2026-04-24T07:33:01-07:00,1,14
style.css,202,css,cb678202,van013-svg,2026-04-24,07:27:10,-07:00,2026-04-24T07:27:10-07:00,0,0
style.css,203,css,cb678202,van013-svg,2026-04-24,07:27:10,-07:00,2026-04-24T07:27:10-07:00,0,0
style.css,204,css,4decb8a6,van013-svg,2026-04-24,07:20:34,-07:00,2026-04-24T07:20:34-07:00,0,17
style.css,205,css,b7af4e17,van013-svg,2026-04-24,07:42:25,-07:00,2026-04-24T07:42:25-07:00,1,12
style.css,206,css,b7af4e17,van013-svg,2026-04-24,07:42:25,-07:00,2026-04-24T07:42:25-07:00,1,36
style.css,207,css,91e685bf,van013-svg,2026-04-24,10:47:01,-07:00,2026-04-24T10:47:01-07:00,1,8
style.css,208,css,41943f82,van013-svg,2026-04-24,07:33:01,-07:00,2026-04-24T07:33:01-07:00,1,8
style.css,209,css,41943f82,van013-svg,2026-04-24,07:33:01,-07:00,2026-04-24T07:33:01-07:00,0,0
style.css,210,css,41943f82,van013-svg,2026-04-24,07:33:01,-07:00,2026-04-24T07:33:01-07:00,0,0
style.css,211,css,4decb8a6,van013-svg,2026-04-24,07:20:34,-07:00,2026-04-24T07:20:34-07:00,0,17
style.css,212,css,b7af4e17,van013-svg,2026-04-24,07:42:25,-07:00,2026-04-24T07:42:25-07:00,1,10
style.css,213,css,41943f82,van013-svg,2026-04-24,07:33:01,-07:00,2026-04-24T07:33:01-07:00,1,14
style.css,214,css,b7af4e17,van013-svg,2026-04-24,07:42:25,-07:00,2026-04-24T07:42:25-07:00,1,33
style.css,215,css,67203aaf,van013-svg,2026-04-24,07:31:02,-07:00,2026-04-24T07:31:02-07:00,1,15
style.css,216,css,67203aaf,van013-svg,2026-04-24,07:31:02,-07:00,2026-04-24T07:31:02-07:00,1,24
style.css,217,css,67203aaf,van013-svg,2026-04-24,07:31:02,-07:00,2026-04-24T07:31:02-07:00,1,21
style.css,218,css,4decb8a6,van013-svg,2026-04-24,07:20:34,-07:00,2026-04-24T07:20:34-07:00,0,0
style.css,219,css,4decb8a6,van013-svg,2026-04-24,07:20:34,-07:00,2026-04-24T07:20:34-07:00,0,0
style.css,220,css,4decb8a6,van013-svg,2026-04-24,07:20:34,-07:00,2026-04-24T07:20:34-07:00,0,17
style.css,221,css,b7af4e17,van013-svg,2026-04-24,07:42:25,-07:00,2026-04-24T07:42:25-07:00,1,10
style.css,222,css,41943f82,van013-svg,2026-04-24,07:33:01,-07:00,2026-04-24T07:33:01-07:00,1,14
style.css,223,css,67203aaf,van013-svg,2026-04-24,07:31:02,-07:00,2026-04-24T07:31:02-07:00,1,15
style.css,224,css,4decb8a6,van013-svg,2026-04-24,07:20:34,-07:00,2026-04-24T07:20:34-07:00,1,8
style.css,225,css,b7af4e17,van013-svg,2026-04-24,07:42:25,-07:00,2026-04-24T07:42:25-07:00,1,23
style.css,226,css,41943f82,van013-svg,2026-04-24,07:33:01,-07:00,2026-04-24T07:33:01-07:00,1,13
style.css,227,css,8bd29534,van013-svg,2026-05-01,00:13:23,-07:00,2026-05-01T00:13:23-07:00,0,0
style.css,228,css,8bd29534,van013-svg,2026-05-01,00:13:23,-07:00,2026-05-01T00:13:23-07:00,0,0
style.css,229,css,8bd29534,van013-svg,2026-05-01,00:13:23,-07:00,2026-05-01T00:13:23-07:00,0,13
style.css,230,css,8bd29534,van013-svg,2026-05-01,00:13:23,-07:00,2026-05-01T00:13:23-07:00,1,30
style.css,231,css,8bd29534,van013-svg,2026-05-01,00:13:23,-07:00,2026-05-01T00:13:23-07:00,1,34
style.css,232,css,8bd29534,van013-svg,2026-05-01,00:13:23,-07:00,2026-05-01T00:13:23-07:00,1,16
style.css,233,css,8bd29534,van013-svg,2026-05-01,00:13:23,-07:00,2026-05-01T00:13:23-07:00,1,10
style.css,234,css,e98624b0,van013-svg,2026-05-01,10:34:03,-07:00,2026-05-01T10:34:03-07:00,0,0
style.css,235,css,e98624b0,van013-svg,2026-05-01,10:34:03,-07:00,2026-05-01T10:34:03-07:00,0,0
style.css,236,css,e98624b0,van013-svg,2026-05-01,10:34:03,-07:00,2026-05-01T10:34:03-07:00,0,18
style.css,237,css,856aea9e,van013-svg,2026-05-01,12:34:36,-07:00,2026-05-01T12:34:36-07:00,1,10
style.css,238,css,856aea9e,van013-svg,2026-05-01,12:34:36,-07:00,2026-05-01T12:34:36-07:00,1,14
style.css,239,css,856aea9e,van013-svg,2026-05-01,12:34:36,-07:00,2026-05-01T12:34:36-07:00,1,13
style.css,240,css,e73e2bd0,van013-svg,2026-05-01,12:27:06,-07:00,2026-05-01T12:27:06-07:00,1,11
style.css,241,css,fd649baf,van013-svg,2026-05-01,12:46:18,-07:00,2026-05-01T12:46:18-07:00,1,17
style.css,242,css,0db9ae8f,van013-svg,2026-05-01,11:32:33,-07:00,2026-05-01T11:32:33-07:00,0,0
style.css,243,css,0db9ae8f,van013-svg,2026-05-01,11:32:33,-07:00,2026-05-01T11:32:33-07:00,0,0
style.css,244,css,0db9ae8f,van013-svg,2026-05-01,11:32:33,-07:00,2026-05-01T11:32:33-07:00,0,7
style.css,245,css,0db9ae8f,van013-svg,2026-05-01,11:32:33,-07:00,2026-05-01T11:32:33-07:00,1,12
style.css,246,css,b749d8a7,van013-svg,2026-05-01,12:41:19,-07:00,2026-05-01T12:41:19-07:00,1,56
style.css,247,css,0db9ae8f,van013-svg,2026-05-01,11:32:33,-07:00,2026-05-01T11:32:33-07:00,1,7
style.css,248,css,0db9ae8f,van013-svg,2026-05-01,11:32:33,-07:00,2026-05-01T11:32:33-07:00,1,11
style.css,249,css,0a0bdc4a,van013-svg,2026-05-01,11:58:20,-07:00,2026-05-01T11:58:20-07:00,1,16
style.css,250,css,0db9ae8f,van013-svg,2026-05-01,11:32:33,-07:00,2026-05-01T11:32:33-07:00,1,21
style.css,251,css,0db9ae8f,van013-svg,2026-05-01,11:32:33,-07:00,2026-05-01T11:32:33-07:00,1,19
style.css,252,css,0db9ae8f,van013-svg,2026-05-01,11:32:33,-07:00,2026-05-01T11:32:33-07:00,1,15
style.css,253,css,1cbd5614,van013-svg,2026-05-01,12:45:29,-07:00,2026-05-01T12:45:29-07:00,1,6
style.css,254,css,0db9ae8f,van013-svg,2026-05-01,11:32:33,-07:00,2026-05-01T11:32:33-07:00,0,0
style.css,255,css,0db9ae8f,van013-svg,2026-05-01,11:32:33,-07:00,2026-05-01T11:32:33-07:00,0,0
style.css,256,css,e73e2bd0,van013-svg,2026-05-01,12:27:06,-07:00,2026-05-01T12:27:06-07:00,0,0
style.css,257,css,0db9ae8f,van013-svg,2026-05-01,11:32:33,-07:00,2026-05-01T11:32:33-07:00,0,10
style.css,258,css,0db9ae8f,van013-svg,2026-05-01,11:32:33,-07:00,2026-05-01T11:32:33-07:00,1,12
style.css,259,css,0db9ae8f,van013-svg,2026-05-01,11:32:33,-07:00,2026-05-01T11:32:33-07:00,1,18
style.css,260,css,0db9ae8f,van013-svg,2026-05-01,11:32:33,-07:00,2026-05-01T11:32:33-07:00,1,9
style.css,261,css,e73e2bd0,van013-svg,2026-05-01,12:27:06,-07:00,2026-05-01T12:27:06-07:00,1,18
style.css,262,css,88ac0ada,van013-svg,2026-05-01,12:30:03,-07:00,2026-05-01T12:30:03-07:00,1,11
style.css,263,css,0db9ae8f,van013-svg,2026-05-01,11:32:33,-07:00,2026-05-01T11:32:33-07:00,0,0
style.css,264,css,0db9ae8f,van013-svg,2026-05-01,11:32:33,-07:00,2026-05-01T11:32:33-07:00,0,0
style.css,265,css,0db9ae8f,van013-svg,2026-05-01,11:32:33,-07:00,2026-05-01T11:32:33-07:00,0,7
style.css,266,css,0db9ae8f,van013-svg,2026-05-01,11:32:33,-07:00,2026-05-01T11:32:33-07:00,1,9
style.css,267,css,0db9ae8f,van013-svg,2026-05-01,11:32:33,-07:00,2026-05-01T11:32:33-07:00,1,18
style.css,268,css,0db9ae8f,van013-svg,2026-05-01,11:32:33,-07:00,2026-05-01T11:32:33-07:00,1,29
style.css,269,css,0db9ae8f,van013-svg,2026-05-01,11:32:33,-07:00,2026-05-01T11:32:33-07:00,1,20
style.css,270,css,0db9ae8f,van013-svg,2026-05-01,11:32:33,-07:00,2026-05-01T11:32:33-07:00,1,17
style.css,271,css,0a0bdc4a,van013-svg,2026-05-01,11:58:20,-07:00,2026-05-01T11:58:20-07:00,0,0
style.css,272,css,0a0bdc4a,van013-svg,2026-05-01,11:58:20,-07:00,2026-05-01T11:58:20-07:00,0,0
style.css,273,css,0a0bdc4a,van013-svg,2026-05-01,11:58:20,-07:00,2026-05-01T11:58:20-07:00,0,10
style.css,274,css,0a0bdc4a,van013-svg,2026-05-01,11:58:20,-07:00,2026-05-01T11:58:20-07:00,1,12
style.css,275,css,1cbd5614,van013-svg,2026-05-01,12:45:29,-07:00,2026-05-01T12:45:29-07:00,1,18
style.css,276,css,0a0bdc4a,van013-svg,2026-05-01,11:58:20,-07:00,2026-05-01T11:58:20-07:00,1,7
style.css,277,css,0a0bdc4a,van013-svg,2026-05-01,11:58:20,-07:00,2026-05-01T11:58:20-07:00,0,0
style.css,278,css,184a917a,van013-svg,2026-05-01,13:12:11,-07:00,2026-05-01T13:12:11-07:00,0,0
style.css,279,css,184a917a,van013-svg,2026-05-01,13:12:11,-07:00,2026-05-01T13:12:11-07:00,0,10
style.css,280,css,184a917a,van013-svg,2026-05-01,13:12:11,-07:00,2026-05-01T13:12:11-07:00,1,13
style.css,281,css,184a917a,van013-svg,2026-05-01,13:12:11,-07:00,2026-05-01T13:12:11-07:00,1,10
style.css,282,css,184a917a,van013-svg,2026-05-01,13:12:11,-07:00,2026-05-01T13:12:11-07:00,1,12
style.css,283,css,184a917a,van013-svg,2026-05-01,13:12:11,-07:00,2026-05-01T13:12:11-07:00,1,13
style.css,284,css,184a917a,van013-svg,2026-05-01,13:12:11,-07:00,2026-05-01T13:12:11-07:00,0,0
style.css,285,css,e49fe715,van013-svg,2026-05-01,13:41:10,-07:00,2026-05-01T13:41:10-07:00,0,0
style.css,286,css,e49fe715,van013-svg,2026-05-01,13:41:10,-07:00,2026-05-01T13:41:10-07:00,0,17
style.css,287,css,e49fe715,van013-svg,2026-05-01,13:41:10,-07:00,2026-05-01T13:41:10-07:00,1,16
style.css,288,css,e49fe715,van013-svg,2026-05-01,13:41:10,-07:00,2026-05-01T13:41:10-07:00,2,11
style.css,289,css,e49fe715,van013-svg,2026-05-01,13:41:10,-07:00,2026-05-01T13:41:10-07:00,1,0
style.css,290,css,e49fe715,van013-svg,2026-05-01,13:41:10,-07:00,2026-05-01T13:41:10-07:00,0,0
style.css,291,css,e49fe715,van013-svg,2026-05-01,13:41:10,-07:00,2026-05-01T13:41:10-07:00,0,0
style.css,292,css,e49fe715,van013-svg,2026-05-01,13:41:10,-07:00,2026-05-01T13:41:10-07:00,0,4
style.css,293,css,e49fe715,van013-svg,2026-05-01,13:41:10,-07:00,2026-05-01T13:41:10-07:00,1,16
style.css,294,css,e49fe715,van013-svg,2026-05-01,13:41:10,-07:00,2026-05-01T13:41:10-07:00,1,14
style.css,295,css,e49fe715,van013-svg,2026-05-01,13:41:10,-07:00,2026-05-01T13:41:10-07:00,0,0
style.css,296,css,e49fe715,van013-svg,2026-05-01,13:41:10,-07:00,2026-05-01T13:41:10-07:00,0,0
style.css,297,css,e49fe715,van013-svg,2026-05-01,13:41:10,-07:00,2026-05-01T13:41:10-07:00,0,9
style.css,298,css,e49fe715,van013-svg,2026-05-01,13:41:10,-07:00,2026-05-01T13:41:10-07:00,1,35
style.css,299,css,e49fe715,van013-svg,2026-05-01,13:41:10,-07:00,2026-05-01T13:41:10-07:00,0,0
style.css,300,css,e49fe715,van013-svg,2026-05-01,13:41:10,-07:00,2026-05-01T13:41:10-07:00,1,10
style.css,301,css,e49fe715,van013-svg,2026-05-01,13:41:10,-07:00,2026-05-01T13:41:10-07:00,2,17
style.css,302,css,e49fe715,van013-svg,2026-05-01,13:41:10,-07:00,2026-05-01T13:41:10-07:00,1,0
style.css,303,css,e49fe715,van013-svg,2026-05-01,13:41:10,-07:00,2026-05-01T13:41:10-07:00,0,0
index.js,1,js,50c0cba1,van013-svg,2026-04-24,07:13:00,-07:00,2026-04-24T07:13:00-07:00,0,71
index.js,2,js,fb19812d,van013-svg,2026-04-24,06:48:37,-07:00,2026-04-24T06:48:37-07:00,0,54
index.js,3,js,50c0cba1,van013-svg,2026-04-24,07:13:00,-07:00,2026-04-24T07:13:00-07:00,0,0
index.js,4,js,fb19812d,van013-svg,2026-04-24,06:48:37,-07:00,2026-04-24T06:48:37-07:00,0,42
index.js,5,js,50c0cba1,van013-svg,2026-04-24,07:13:00,-07:00,2026-04-24T07:13:00-07:00,0,0
index.js,6,js,fb19812d,van013-svg,2026-04-24,06:48:37,-07:00,2026-04-24T06:48:37-07:00,0,60
index.js,7,js,50c0cba1,van013-svg,2026-04-24,07:13:00,-07:00,2026-04-24T07:13:00-07:00,0,0
index.js,8,js,50c0cba1,van013-svg,2026-04-24,07:13:00,-07:00,2026-04-24T07:13:00-07:00,0,53
index.js,9,js,50c0cba1,van013-svg,2026-04-24,07:13:00,-07:00,2026-04-24T07:13:00-07:00,0,0
index.js,10,js,50c0cba1,van013-svg,2026-04-24,07:13:00,-07:00,2026-04-24T07:13:00-07:00,0,60
index.js,11,js,50c0cba1,van013-svg,2026-04-24,07:13:00,-07:00,2026-04-24T07:13:00-07:00,0,0
index.js,12,js,50c0cba1,van013-svg,2026-04-24,07:13:00,-07:00,2026-04-24T07:13:00-07:00,0,17
index.js,13,js,50c0cba1,van013-svg,2026-04-24,07:13:00,-07:00,2026-04-24T07:13:00-07:00,1,24
index.js,14,js,50c0cba1,van013-svg,2026-04-24,07:13:00,-07:00,2026-04-24T07:13:00-07:00,4,2
index.js,15,js,50c0cba1,van013-svg,2026-04-24,07:13:00,-07:00,2026-04-24T07:13:00-07:00,5,55
index.js,16,js,50c0cba1,van013-svg,2026-04-24,07:13:00,-07:00,2026-04-24T07:13:00-07:00,5,55
index.js,17,js,50c0cba1,van013-svg,2026-04-24,07:13:00,-07:00,2026-04-24T07:13:00-07:00,5,49
index.js,18,js,50c0cba1,van013-svg,2026-04-24,07:13:00,-07:00,2026-04-24T07:13:00-07:00,5,49
index.js,19,js,50c0cba1,van013-svg,2026-04-24,07:13:00,-07:00,2026-04-24T07:13:00-07:00,4,3
index.js,20,js,50c0cba1,van013-svg,2026-04-24,07:13:00,-07:00,2026-04-24T07:13:00-07:00,2,0
index.js,21,js,50c0cba1,van013-svg,2026-04-24,07:13:00,-07:00,2026-04-24T07:13:00-07:00,0,0
index.js,22,js,50c0cba1,van013-svg,2026-04-24,07:13:00,-07:00,2026-04-24T07:13:00-07:00,0,0
index.js,23,js,fb19812d,van013-svg,2026-04-24,06:48:37,-07:00,2026-04-24T06:48:37-07:00,0,54
index.js,24,js,fb19812d,van013-svg,2026-04-24,06:48:37,-07:00,2026-04-24T06:48:37-07:00,0,0
index.html,1,html,59974516,van013-svg,2026-04-02,00:32:11,-07:00,2026-04-02T00:32:11-07:00,0,13
index.html,2,html,59974516,van013-svg,2026-04-02,00:32:11,-07:00,2026-04-02T00:32:11-07:00,0,14
index.html,3,html,59974516,van013-svg,2026-04-02,00:32:11,-07:00,2026-04-02T00:32:11-07:00,0,4
index.html,4,html,59974516,van013-svg,2026-04-02,00:32:11,-07:00,2026-04-02T00:32:11-07:00,2,20
index.html,5,html,59974516,van013-svg,2026-04-02,00:32:11,-07:00,2026-04-02T00:32:11-07:00,2,68
index.html,6,html,59974516,van013-svg,2026-04-02,00:32:11,-07:00,2026-04-02T00:32:11-07:00,2,56
index.html,7,html,f2a068b4,van013-svg,2026-04-02,00:57:58,-07:00,2026-04-02T00:57:58-07:00,2,38
index.html,8,html,c0097f81,van013-svg,2026-04-17,13:51:26,-07:00,2026-04-17T13:51:26-07:00,2,45
index.html,9,html,59974516,van013-svg,2026-04-02,00:32:11,-07:00,2026-04-02T00:32:11-07:00,0,5
index.html,10,html,59974516,van013-svg,2026-04-02,00:32:11,-07:00,2026-04-02T00:32:11-07:00,0,4
index.html,11,html,59974516,van013-svg,2026-04-02,00:32:11,-07:00,2026-04-02T00:32:11-07:00,2,21
index.html,12,html,59974516,van013-svg,2026-04-02,00:32:11,-07:00,2026-04-02T00:32:11-07:00,2,1
index.html,13,html,8a204699,van013-svg,2026-04-02,01:10:43,-07:00,2026-04-02T01:10:43-07:00,4,135
index.html,14,html,59974516,van013-svg,2026-04-02,00:32:11,-07:00,2026-04-02T00:32:11-07:00,4,139
index.html,15,html,59974516,van013-svg,2026-04-02,00:32:11,-07:00,2026-04-02T00:32:11-07:00,4,126
index.html,16,html,59974516,van013-svg,2026-04-02,00:32:11,-07:00,2026-04-02T00:32:11-07:00,4,31
index.html,17,html,59974516,van013-svg,2026-04-02,00:32:11,-07:00,2026-04-02T00:32:11-07:00,2,2
index.html,18,html,b451041b,van013-svg,2026-04-02,01:12:12,-07:00,2026-04-02T01:12:12-07:00,2,86
index.html,19,html,ded22789,van013-svg,2026-04-24,07:02:08,-07:00,2026-04-24T07:02:08-07:00,2,22
index.html,20,html,ded22789,van013-svg,2026-04-24,07:02:08,-07:00,2026-04-24T07:02:08-07:00,2,26
index.html,21,html,ded22789,van013-svg,2026-04-24,07:02:08,-07:00,2026-04-24T07:02:08-07:00,2,50
index.html,22,html,cb678202,van013-svg,2026-04-24,07:27:10,-07:00,2026-04-24T07:27:10-07:00,2,22
index.html,23,html,4decb8a6,van013-svg,2026-04-24,07:20:34,-07:00,2026-04-24T07:20:34-07:00,2,28
index.html,24,html,59974516,van013-svg,2026-04-02,00:32:11,-07:00,2026-04-02T00:32:11-07:00,0,5
index.html,25,html,59974516,van013-svg,2026-04-02,00:32:11,-07:00,2026-04-02T00:32:11-07:00,0,5
index.html,26,html,59974516,van013-svg,2026-04-02,00:32:11,-07:00,2026-04-02T00:32:11-07:00,0,0
global.js,1,js,c0097f81,van013-svg,2026-04-17,13:51:26,-07:00,2026-04-17T13:51:26-07:00,0,25
global.js,2,js,c0097f81,van013-svg,2026-04-17,13:51:26,-07:00,2026-04-17T13:51:26-07:00,0,0
global.js,3,js,c0097f81,van013-svg,2026-04-17,13:51:26,-07:00,2026-04-17T13:51:26-07:00,0,41
global.js,4,js,c0097f81,van013-svg,2026-04-17,13:51:26,-07:00,2026-04-17T13:51:26-07:00,1,52
global.js,5,js,b503ce8d,van013-svg,2026-04-17,14:06:39,-07:00,2026-04-17T14:06:39-07:00,0,0
global.js,6,js,b503ce8d,van013-svg,2026-04-17,14:06:39,-07:00,2026-04-17T14:06:39-07:00,0,0
global.js,7,js,28843dd5,van013-svg,2026-04-17,16:34:54,-07:00,2026-04-17T16:34:54-07:00,0,88
global.js,8,js,28843dd5,van013-svg,2026-04-17,16:34:54,-07:00,2026-04-17T16:34:54-07:00,1,36
global.js,9,js,28843dd5,van013-svg,2026-04-17,16:34:54,-07:00,2026-04-17T16:34:54-07:00,1,48
global.js,10,js,28843dd5,van013-svg,2026-04-17,16:34:54,-07:00,2026-04-17T16:34:54-07:00,0,0
global.js,11,js,b0a41248,van013-svg,2026-04-17,14:11:08,-07:00,2026-04-17T14:11:08-07:00,0,11
global.js,12,js,b0a41248,van013-svg,2026-04-17,14:11:08,-07:00,2026-04-17T14:11:08-07:00,1,25
global.js,13,js,b0a41248,van013-svg,2026-04-17,14:11:08,-07:00,2026-04-17T14:11:08-07:00,1,38
global.js,14,js,b0a41248,van013-svg,2026-04-17,14:11:08,-07:00,2026-04-17T14:11:08-07:00,1,36
global.js,15,js,28843dd5,van013-svg,2026-04-17,16:34:54,-07:00,2026-04-17T16:34:54-07:00,1,34
global.js,16,js,00000000,Not Committed Yet,2026-05-07,23:14:56,-07:00,2026-05-07T23:14:56-07:00,1,30
global.js,17,js,28843dd5,van013-svg,2026-04-17,16:34:54,-07:00,2026-04-17T16:34:54-07:00,1,55
global.js,18,js,b0a41248,van013-svg,2026-04-17,14:11:08,-07:00,2026-04-17T14:11:08-07:00,0,0
global.js,19,js,b503ce8d,van013-svg,2026-04-17,14:06:39,-07:00,2026-04-17T14:06:39-07:00,0,0
global.js,20,js,d59b50a9,van013-svg,2026-04-17,16:47:47,-07:00,2026-04-17T16:47:47-07:00,0,38
global.js,21,js,d59b50a9,van013-svg,2026-04-17,16:47:47,-07:00,2026-04-17T16:47:47-07:00,0,25
global.js,22,js,d59b50a9,van013-svg,2026-04-17,16:47:47,-07:00,2026-04-17T16:47:47-07:00,0,0
global.js,23,js,42eaa0be,van013-svg,2026-04-17,17:13:08,-07:00,2026-04-17T17:13:08-07:00,0,31
global.js,24,js,42eaa0be,van013-svg,2026-04-17,17:13:08,-07:00,2026-04-17T17:13:08-07:00,1,11
global.js,25,js,42eaa0be,van013-svg,2026-04-17,17:13:08,-07:00,2026-04-17T17:13:08-07:00,1,0
global.js,26,js,42eaa0be,van013-svg,2026-04-17,17:13:08,-07:00,2026-04-17T17:13:08-07:00,1,26
global.js,27,js,42eaa0be,van013-svg,2026-04-17,17:13:08,-07:00,2026-04-17T17:13:08-07:00,2,4
global.js,28,js,42eaa0be,van013-svg,2026-04-17,17:13:08,-07:00,2026-04-17T17:13:08-07:00,2,6
global.js,29,js,42eaa0be,van013-svg,2026-04-17,17:13:08,-07:00,2026-04-17T17:13:08-07:00,3,42
global.js,30,js,42eaa0be,van013-svg,2026-04-17,17:13:08,-07:00,2026-04-17T17:13:08-07:00,3,34
global.js,31,js,42eaa0be,van013-svg,2026-04-17,17:13:08,-07:00,2026-04-17T17:13:08-07:00,3,32
global.js,32,js,42eaa0be,van013-svg,2026-04-17,17:13:08,-07:00,2026-04-17T17:13:08-07:00,2,7
global.js,33,js,42eaa0be,van013-svg,2026-04-17,17:13:08,-07:00,2026-04-17T17:13:08-07:00,1,6
global.js,34,js,42eaa0be,van013-svg,2026-04-17,17:13:08,-07:00,2026-04-17T17:13:08-07:00,1,0
global.js,35,js,42eaa0be,van013-svg,2026-04-17,17:13:08,-07:00,2026-04-17T17:13:08-07:00,0,0
global.js,36,js,42eaa0be,van013-svg,2026-04-17,17:13:08,-07:00,2026-04-17T17:13:08-07:00,0,0
global.js,37,js,b0a41248,van013-svg,2026-04-17,14:11:08,-07:00,2026-04-17T14:11:08-07:00,0,20
global.js,38,js,b0a41248,van013-svg,2026-04-17,14:11:08,-07:00,2026-04-17T14:11:08-07:00,1,14
global.js,39,js,b0a41248,van013-svg,2026-04-17,14:11:08,-07:00,2026-04-17T14:11:08-07:00,1,18
global.js,40,js,28843dd5,van013-svg,2026-04-17,16:34:54,-07:00,2026-04-17T16:34:54-07:00,0,0
global.js,41,js,28843dd5,van013-svg,2026-04-17,16:34:54,-07:00,2026-04-17T16:34:54-07:00,1,52
global.js,42,js,28843dd5,van013-svg,2026-04-17,16:34:54,-07:00,2026-04-17T16:34:54-07:00,0,0
global.js,43,js,06056d92,van013-svg,2026-04-17,16:49:05,-07:00,2026-04-17T16:49:05-07:00,1,34
global.js,44,js,06056d92,van013-svg,2026-04-17,16:49:05,-07:00,2026-04-17T16:49:05-07:00,1,11
global.js,45,js,06056d92,van013-svg,2026-04-17,16:49:05,-07:00,2026-04-17T16:49:05-07:00,1,20
global.js,46,js,06056d92,van013-svg,2026-04-17,16:49:05,-07:00,2026-04-17T16:49:05-07:00,0,0
global.js,47,js,e2538e25,van013-svg,2026-04-17,16:52:36,-07:00,2026-04-17T16:52:36-07:00,1,17
global.js,48,js,e2538e25,van013-svg,2026-04-17,16:52:36,-07:00,2026-04-17T16:52:36-07:00,2,8
global.js,49,js,e2538e25,van013-svg,2026-04-17,16:52:36,-07:00,2026-04-17T16:52:36-07:00,2,58
global.js,50,js,e2538e25,van013-svg,2026-04-17,16:52:36,-07:00,2026-04-17T16:52:36-07:00,1,0
global.js,51,js,e2538e25,van013-svg,2026-04-17,16:52:36,-07:00,2026-04-17T16:52:36-07:00,0,0
global.js,52,js,e2538e25,van013-svg,2026-04-17,16:52:36,-07:00,2026-04-17T16:52:36-07:00,1,65
global.js,53,js,e2538e25,van013-svg,2026-04-17,16:52:36,-07:00,2026-04-17T16:52:36-07:00,2,25
global.js,54,js,e2538e25,van013-svg,2026-04-17,16:52:36,-07:00,2026-04-17T16:52:36-07:00,1,0
global.js,55,js,e2538e25,van013-svg,2026-04-17,16:52:36,-07:00,2026-04-17T16:52:36-07:00,0,0
global.js,56,js,e2538e25,van013-svg,2026-04-17,16:52:36,-07:00,2026-04-17T16:52:36-07:00,1,29
global.js,57,js,e2538e25,van013-svg,2026-04-17,16:52:36,-07:00,2026-04-17T16:52:36-07:00,2,18
global.js,58,js,e2538e25,van013-svg,2026-04-17,16:52:36,-07:00,2026-04-17T16:52:36-07:00,1,0
global.js,59,js,e2538e25,van013-svg,2026-04-17,16:52:36,-07:00,2026-04-17T16:52:36-07:00,0,0
global.js,60,js,06056d92,van013-svg,2026-04-17,16:49:05,-07:00,2026-04-17T16:49:05-07:00,1,12
global.js,61,js,648a74a5,van013-svg,2026-04-17,17:20:18,-07:00,2026-04-17T17:20:18-07:00,0,0
global.js,62,js,648a74a5,van013-svg,2026-04-17,17:20:18,-07:00,2026-04-17T17:20:18-07:00,0,0
global.js,63,js,648a74a5,van013-svg,2026-04-17,17:20:18,-07:00,2026-04-17T17:20:18-07:00,0,44
global.js,64,js,648a74a5,van013-svg,2026-04-17,17:20:18,-07:00,2026-04-17T17:20:18-07:00,0,0
global.js,65,js,648a74a5,van013-svg,2026-04-17,17:20:18,-07:00,2026-04-17T17:20:18-07:00,0,49
global.js,66,js,648a74a5,van013-svg,2026-04-17,17:20:18,-07:00,2026-04-17T17:20:18-07:00,1,57
global.js,67,js,648a74a5,van013-svg,2026-04-17,17:20:18,-07:00,2026-04-17T17:20:18-07:00,0,0
global.js,68,js,ca5fb31d,van013-svg,2026-04-17,17:29:46,-07:00,2026-04-17T17:29:46-07:00,1,77
global.js,69,js,ca5fb31d,van013-svg,2026-04-17,17:29:46,-07:00,2026-04-17T17:29:46-07:00,1,0
global.js,70,js,fb3d81ab,van013-svg,2026-04-17,17:52:18,-07:00,2026-04-17T17:52:18-07:00,1,44
global.js,71,js,648a74a5,van013-svg,2026-04-17,17:20:18,-07:00,2026-04-17T17:20:18-07:00,0,1
global.js,72,js,fb3d81ab,van013-svg,2026-04-17,17:52:18,-07:00,2026-04-17T17:52:18-07:00,0,0
global.js,73,js,fb3d81ab,van013-svg,2026-04-17,17:52:18,-07:00,2026-04-17T17:52:18-07:00,0,34
global.js,74,js,6ddb2dd7,van013-svg,2026-04-17,18:03:20,-07:00,2026-04-17T18:03:20-07:00,1,36
global.js,75,js,6ddb2dd7,van013-svg,2026-04-17,18:03:20,-07:00,2026-04-17T18:03:20-07:00,0,0
global.js,76,js,6ddb2dd7,van013-svg,2026-04-17,18:03:20,-07:00,2026-04-17T18:03:20-07:00,1,27
global.js,77,js,6ddb2dd7,van013-svg,2026-04-17,18:03:20,-07:00,2026-04-17T18:03:20-07:00,2,71
global.js,78,js,6ddb2dd7,van013-svg,2026-04-17,18:03:20,-07:00,2026-04-17T18:03:20-07:00,1,6
global.js,79,js,6ddb2dd7,van013-svg,2026-04-17,18:03:20,-07:00,2026-04-17T18:03:20-07:00,2,65
global.js,80,js,6ddb2dd7,van013-svg,2026-04-17,18:03:20,-07:00,2026-04-17T18:03:20-07:00,1,0
global.js,81,js,71b28de5,van013-svg,2026-04-17,17:55:49,-07:00,2026-04-17T17:55:49-07:00,0,0
global.js,82,js,6ddb2dd7,van013-svg,2026-04-17,18:03:20,-07:00,2026-04-17T18:03:20-07:00,1,20
global.js,83,js,c976e47c,van013-svg,2026-04-17,19:30:20,-07:00,2026-04-17T19:30:20-07:00,0,0
global.js,84,js,c976e47c,van013-svg,2026-04-17,19:30:20,-07:00,2026-04-17T19:30:20-07:00,0,0
global.js,85,js,c976e47c,van013-svg,2026-04-17,19:30:20,-07:00,2026-04-17T19:30:20-07:00,0,40
global.js,86,js,c976e47c,van013-svg,2026-04-17,19:30:20,-07:00,2026-04-17T19:30:20-07:00,0,0
global.js,87,js,c976e47c,van013-svg,2026-04-17,19:30:20,-07:00,2026-04-17T19:30:20-07:00,0,49
global.js,88,js,c976e47c,van013-svg,2026-04-17,19:30:20,-07:00,2026-04-17T19:30:20-07:00,1,21
global.js,89,js,c976e47c,van013-svg,2026-04-17,19:30:20,-07:00,2026-04-17T19:30:20-07:00,0,0
global.js,90,js,c976e47c,van013-svg,2026-04-17,19:30:20,-07:00,2026-04-17T19:30:20-07:00,1,28
global.js,91,js,c976e47c,van013-svg,2026-04-17,19:30:20,-07:00,2026-04-17T19:30:20-07:00,0,0
global.js,92,js,c976e47c,van013-svg,2026-04-17,19:30:20,-07:00,2026-04-17T19:30:20-07:00,1,14
global.js,93,js,c976e47c,van013-svg,2026-04-17,19:30:20,-07:00,2026-04-17T19:30:20-07:00,1,0
global.js,94,js,c976e47c,van013-svg,2026-04-17,19:30:20,-07:00,2026-04-17T19:30:20-07:00,1,31
global.js,95,js,c976e47c,van013-svg,2026-04-17,19:30:20,-07:00,2026-04-17T19:30:20-07:00,2,50
global.js,96,js,c976e47c,van013-svg,2026-04-17,19:30:20,-07:00,2026-04-17T19:30:20-07:00,1,0
global.js,97,js,c976e47c,van013-svg,2026-04-17,19:30:20,-07:00,2026-04-17T19:30:20-07:00,1,0
global.js,98,js,c976e47c,van013-svg,2026-04-17,19:30:20,-07:00,2026-04-17T19:30:20-07:00,1,45
global.js,99,js,c976e47c,van013-svg,2026-04-17,19:30:20,-07:00,2026-04-17T19:30:20-07:00,0,0
global.js,100,js,c976e47c,van013-svg,2026-04-17,19:30:20,-07:00,2026-04-17T19:30:20-07:00,1,18
global.js,101,js,8d119959,van013-svg,2026-04-23,23:21:08,-07:00,2026-04-23T23:21:08-07:00,1,1
global.js,102,js,8d119959,van013-svg,2026-04-23,23:21:08,-07:00,2026-04-23T23:21:08-07:00,0,0
global.js,103,js,8d119959,van013-svg,2026-04-23,23:21:08,-07:00,2026-04-23T23:21:08-07:00,1,36
global.js,104,js,8d119959,van013-svg,2026-04-23,23:21:08,-07:00,2026-04-23T23:21:08-07:00,1,3
global.js,105,js,8d119959,van013-svg,2026-04-23,23:21:08,-07:00,2026-04-23T23:21:08-07:00,2,39
global.js,106,js,8d119959,van013-svg,2026-04-23,23:21:08,-07:00,2026-04-23T23:21:08-07:00,2,32
global.js,107,js,8d119959,van013-svg,2026-04-23,23:21:08,-07:00,2026-04-23T23:21:08-07:00,0,0
global.js,108,js,8d119959,van013-svg,2026-04-23,23:21:08,-07:00,2026-04-23T23:21:08-07:00,2,17
global.js,109,js,8d119959,van013-svg,2026-04-23,23:21:08,-07:00,2026-04-23T23:21:08-07:00,3,66
global.js,110,js,8d119959,van013-svg,2026-04-23,23:21:08,-07:00,2026-04-23T23:21:08-07:00,2,0
global.js,111,js,8d119959,van013-svg,2026-04-23,23:21:08,-07:00,2026-04-23T23:21:08-07:00,0,0
global.js,112,js,8d119959,van013-svg,2026-04-23,23:21:08,-07:00,2026-04-23T23:21:08-07:00,2,33
global.js,113,js,8d119959,van013-svg,2026-04-23,23:21:08,-07:00,2026-04-23T23:21:08-07:00,2,10
global.js,114,js,8d119959,van013-svg,2026-04-23,23:21:08,-07:00,2026-04-23T23:21:08-07:00,0,0
global.js,115,js,8d119959,van013-svg,2026-04-23,23:21:08,-07:00,2026-04-23T23:21:08-07:00,1,15
global.js,116,js,8d119959,van013-svg,2026-04-23,23:21:08,-07:00,2026-04-23T23:21:08-07:00,2,59
global.js,117,js,8d119959,van013-svg,2026-04-23,23:21:08,-07:00,2026-04-23T23:21:08-07:00,1,0
global.js,118,js,8d119959,van013-svg,2026-04-23,23:21:08,-07:00,2026-04-23T23:21:08-07:00,0,0
global.js,119,js,8d119959,van013-svg,2026-04-23,23:21:08,-07:00,2026-04-23T23:21:08-07:00,0,0
global.js,120,js,c3beb243,van013-svg,2026-04-24,06:54:38,-07:00,2026-04-24T06:54:38-07:00,0,79
global.js,121,js,8d119959,van013-svg,2026-04-23,23:21:08,-07:00,2026-04-23T23:21:08-07:00,1,30
global.js,122,js,8d119959,van013-svg,2026-04-23,23:21:08,-07:00,2026-04-23T23:21:08-07:00,1,0
global.js,123,js,8d119959,van013-svg,2026-04-23,23:21:08,-07:00,2026-04-23T23:21:08-07:00,1,27
global.js,124,js,8d119959,van013-svg,2026-04-23,23:21:08,-07:00,2026-04-23T23:21:08-07:00,2,48
global.js,125,js,8d119959,van013-svg,2026-04-23,23:21:08,-07:00,2026-04-23T23:21:08-07:00,0,0
global.js,126,js,8d119959,van013-svg,2026-04-23,23:21:08,-07:00,2026-04-23T23:21:08-07:00,2,19
global.js,127,js,8d119959,van013-svg,2026-04-23,23:21:08,-07:00,2026-04-23T23:21:08-07:00,3,23
global.js,128,js,8d119959,van013-svg,2026-04-23,23:21:08,-07:00,2026-04-23T23:21:08-07:00,3,49
global.js,129,js,f19f5c1d,van013-svg,2026-05-01,00:16:13,-07:00,2026-05-01T00:16:13-07:00,3,0
global.js,130,js,f19f5c1d,van013-svg,2026-05-01,00:16:13,-07:00,2026-05-01T00:16:13-07:00,3,24
global.js,131,js,f19f5c1d,van013-svg,2026-05-01,00:16:13,-07:00,2026-05-01T00:16:13-07:00,4,29
global.js,132,js,f19f5c1d,van013-svg,2026-05-01,00:16:13,-07:00,2026-05-01T00:16:13-07:00,5,20
global.js,133,js,f19f5c1d,van013-svg,2026-05-01,00:16:13,-07:00,2026-05-01T00:16:13-07:00,4,2
global.js,134,js,8bd29534,van013-svg,2026-05-01,00:13:23,-07:00,2026-05-01T00:13:23-07:00,0,0
global.js,135,js,f19f5c1d,van013-svg,2026-05-01,00:16:13,-07:00,2026-05-01T00:16:13-07:00,4,22
global.js,136,js,38998a1a,van013-svg,2026-05-01,00:20:06,-07:00,2026-05-01T00:20:06-07:00,5,16
global.js,137,js,8bd29534,van013-svg,2026-05-01,00:13:23,-07:00,2026-05-01T00:13:23-07:00,4,2
global.js,138,js,f19f5c1d,van013-svg,2026-05-01,00:16:13,-07:00,2026-05-01T00:16:13-07:00,3,4
global.js,139,js,4facfcc2,van013-svg,2026-05-01,00:18:55,-07:00,2026-05-01T00:18:55-07:00,0,0
global.js,140,js,8d119959,van013-svg,2026-04-23,23:21:08,-07:00,2026-04-23T23:21:08-07:00,2,0
global.js,141,js,8d119959,van013-svg,2026-04-23,23:21:08,-07:00,2026-04-23T23:21:08-07:00,0,0
global.js,142,js,8d119959,van013-svg,2026-04-23,23:21:08,-07:00,2026-04-23T23:21:08-07:00,2,36
global.js,143,js,8d119959,van013-svg,2026-04-23,23:21:08,-07:00,2026-04-23T23:21:08-07:00,1,1
global.js,144,js,50c0cba1,van013-svg,2026-04-24,07:13:00,-07:00,2026-04-24T07:13:00-07:00,0,0
global.js,145,js,50c0cba1,van013-svg,2026-04-24,07:13:00,-07:00,2026-04-24T07:13:00-07:00,0,0
global.js,146,js,50c0cba1,van013-svg,2026-04-24,07:13:00,-07:00,2026-04-24T07:13:00-07:00,0,47
global.js,147,js,50c0cba1,van013-svg,2026-04-24,07:13:00,-07:00,2026-04-24T07:13:00-07:00,1,59
global.js,148,js,8d119959,van013-svg,2026-04-23,23:21:08,-07:00,2026-04-23T23:21:08-07:00,0,0
resume/index.html,1,html,a44b3e0f,van013-svg,2026-04-03,00:11:27,-07:00,2026-04-03T00:11:27-07:00,0,13
resume/index.html,2,html,a44b3e0f,van013-svg,2026-04-03,00:11:27,-07:00,2026-04-03T00:11:27-07:00,0,14
resume/index.html,3,html,a44b3e0f,van013-svg,2026-04-03,00:11:27,-07:00,2026-04-03T00:11:27-07:00,0,4
resume/index.html,4,html,a44b3e0f,van013-svg,2026-04-03,00:11:27,-07:00,2026-04-03T00:11:27-07:00,2,20
resume/index.html,5,html,a44b3e0f,van013-svg,2026-04-03,00:11:27,-07:00,2026-04-03T00:11:27-07:00,2,68
resume/index.html,6,html,a44b3e0f,van013-svg,2026-04-03,00:11:27,-07:00,2026-04-03T00:11:27-07:00,2,19
resume/index.html,7,html,a44b3e0f,van013-svg,2026-04-03,00:11:27,-07:00,2026-04-03T00:11:27-07:00,2,41
resume/index.html,8,html,95305aa2,van013-svg,2026-04-17,13:55:26,-07:00,2026-04-17T13:55:26-07:00,2,48
resume/index.html,9,html,a44b3e0f,van013-svg,2026-04-03,00:11:27,-07:00,2026-04-03T00:11:27-07:00,0,5
resume/index.html,10,html,a44b3e0f,van013-svg,2026-04-03,00:11:27,-07:00,2026-04-03T00:11:27-07:00,0,0
resume/index.html,11,html,a44b3e0f,van013-svg,2026-04-03,00:11:27,-07:00,2026-04-03T00:11:27-07:00,0,4
resume/index.html,12,html,48b1a114,van013-svg,2026-04-10,00:00:10,-07:00,2026-04-10T00:00:10-07:00,2,6
resume/index.html,13,html,48b1a114,van013-svg,2026-04-10,00:00:10,-07:00,2026-04-10T00:00:10-07:00,3,21
resume/index.html,14,html,48b1a114,van013-svg,2026-04-10,00:00:10,-07:00,2026-04-10T00:00:10-07:00,3,57
resume/index.html,15,html,48b1a114,van013-svg,2026-04-10,00:00:10,-07:00,2026-04-10T00:00:10-07:00,2,7
resume/index.html,16,html,b0904aec,van013-svg,2026-04-03,00:22:40,-07:00,2026-04-03T00:22:40-07:00,2,7
resume/index.html,17,html,b0904aec,van013-svg,2026-04-03,00:22:40,-07:00,2026-04-03T00:22:40-07:00,4,16
resume/index.html,18,html,b0904aec,van013-svg,2026-04-03,00:22:40,-07:00,2026-04-03T00:22:40-07:00,4,7
resume/index.html,19,html,b0904aec,van013-svg,2026-04-03,00:22:40,-07:00,2026-04-03T00:22:40-07:00,6,42
resume/index.html,20,html,b0904aec,van013-svg,2026-04-03,00:22:40,-07:00,2026-04-03T00:22:40-07:00,6,66
resume/index.html,21,html,b0904aec,van013-svg,2026-04-03,00:22:40,-07:00,2026-04-03T00:22:40-07:00,4,8
resume/index.html,22,html,b0904aec,van013-svg,2026-04-03,00:22:40,-07:00,2026-04-03T00:22:40-07:00,2,8
resume/index.html,23,html,b0904aec,van013-svg,2026-04-03,00:22:40,-07:00,2026-04-03T00:22:40-07:00,2,7
resume/index.html,24,html,b0904aec,van013-svg,2026-04-03,00:22:40,-07:00,2026-04-03T00:22:40-07:00,4,26
resume/index.html,25,html,b0904aec,van013-svg,2026-04-03,00:22:40,-07:00,2026-04-03T00:22:40-07:00,4,7
resume/index.html,26,html,b0904aec,van013-svg,2026-04-03,00:22:40,-07:00,2026-04-03T00:22:40-07:00,6,46
resume/index.html,27,html,b0904aec,van013-svg,2026-04-03,00:22:40,-07:00,2026-04-03T00:22:40-07:00,6,1
resume/index.html,28,html,8eb65a67,van013-svg,2026-04-03,00:28:41,-07:00,2026-04-03T00:28:41-07:00,8,49
resume/index.html,29,html,b0904aec,van013-svg,2026-04-03,00:22:40,-07:00,2026-04-03T00:22:40-07:00,6,2
resume/index.html,30,html,b0904aec,van013-svg,2026-04-03,00:22:40,-07:00,2026-04-03T00:22:40-07:00,6,2
resume/index.html,31,html,b0904aec,van013-svg,2026-04-03,00:22:40,-07:00,2026-04-03T00:22:40-07:00,8,137
resume/index.html,32,html,b0904aec,van013-svg,2026-04-03,00:22:40,-07:00,2026-04-03T00:22:40-07:00,6,131
resume/index.html,33,html,b0904aec,van013-svg,2026-04-03,00:22:40,-07:00,2026-04-03T00:22:40-07:00,6,51
resume/index.html,34,html,b0904aec,van013-svg,2026-04-03,00:22:40,-07:00,2026-04-03T00:22:40-07:00,8,2
resume/index.html,35,html,b0904aec,van013-svg,2026-04-03,00:22:40,-07:00,2026-04-03T00:22:40-07:00,10,91
resume/index.html,36,html,b0904aec,van013-svg,2026-04-03,00:22:40,-07:00,2026-04-03T00:22:40-07:00,10,87
resume/index.html,37,html,b0904aec,van013-svg,2026-04-03,00:22:40,-07:00,2026-04-03T00:22:40-07:00,10,62
resume/index.html,38,html,b0904aec,van013-svg,2026-04-03,00:22:40,-07:00,2026-04-03T00:22:40-07:00,10,65
resume/index.html,39,html,b0904aec,van013-svg,2026-04-03,00:22:40,-07:00,2026-04-03T00:22:40-07:00,8,3
resume/index.html,40,html,b0904aec,van013-svg,2026-04-03,00:22:40,-07:00,2026-04-03T00:22:40-07:00,6,3
resume/index.html,41,html,b0904aec,van013-svg,2026-04-03,00:22:40,-07:00,2026-04-03T00:22:40-07:00,6,117
resume/index.html,42,html,b0904aec,van013-svg,2026-04-03,00:22:40,-07:00,2026-04-03T00:22:40-07:00,6,106
resume/index.html,43,html,f50d516d,van013-svg,2026-04-03,00:29:36,-07:00,2026-04-03T00:29:36-07:00,6,3
resume/index.html,44,html,f50d516d,van013-svg,2026-04-03,00:29:36,-07:00,2026-04-03T00:29:36-07:00,4,8
resume/index.html,45,html,f50d516d,van013-svg,2026-04-03,00:29:36,-07:00,2026-04-03T00:29:36-07:00,2,8
resume/index.html,46,html,f50d516d,van013-svg,2026-04-03,00:29:36,-07:00,2026-04-03T00:29:36-07:00,2,7
resume/index.html,47,html,5432c43c,van013-svg,2026-04-03,00:37:50,-07:00,2026-04-03T00:37:50-07:00,4,22
resume/index.html,48,html,5432c43c,van013-svg,2026-04-03,00:37:50,-07:00,2026-04-03T00:37:50-07:00,6,7
resume/index.html,49,html,5432c43c,van013-svg,2026-04-03,00:37:50,-07:00,2026-04-03T00:37:50-07:00,8,66
resume/index.html,50,html,5432c43c,van013-svg,2026-04-03,00:37:50,-07:00,2026-04-03T00:37:50-07:00,8,1
resume/index.html,51,html,5432c43c,van013-svg,2026-04-03,00:37:50,-07:00,2026-04-03T00:37:50-07:00,10,52
resume/index.html,52,html,5432c43c,van013-svg,2026-04-03,00:37:50,-07:00,2026-04-03T00:37:50-07:00,8,2
resume/index.html,53,html,5432c43c,van013-svg,2026-04-03,00:37:50,-07:00,2026-04-03T00:37:50-07:00,8,2
resume/index.html,54,html,5432c43c,van013-svg,2026-04-03,00:37:50,-07:00,2026-04-03T00:37:50-07:00,10,128
resume/index.html,55,html,5432c43c,van013-svg,2026-04-03,00:37:50,-07:00,2026-04-03T00:37:50-07:00,10,144
resume/index.html,56,html,5432c43c,van013-svg,2026-04-03,00:37:50,-07:00,2026-04-03T00:37:50-07:00,10,119
resume/index.html,57,html,5432c43c,van013-svg,2026-04-03,00:37:50,-07:00,2026-04-03T00:37:50-07:00,8,3
resume/index.html,58,html,5432c43c,van013-svg,2026-04-03,00:37:50,-07:00,2026-04-03T00:37:50-07:00,6,8
resume/index.html,59,html,5432c43c,van013-svg,2026-04-03,00:37:50,-07:00,2026-04-03T00:37:50-07:00,6,7
resume/index.html,60,html,5432c43c,van013-svg,2026-04-03,00:37:50,-07:00,2026-04-03T00:37:50-07:00,8,49
resume/index.html,61,html,5432c43c,van013-svg,2026-04-03,00:37:50,-07:00,2026-04-03T00:37:50-07:00,8,1
resume/index.html,62,html,5432c43c,van013-svg,2026-04-03,00:37:50,-07:00,2026-04-03T00:37:50-07:00,10,53
resume/index.html,63,html,5432c43c,van013-svg,2026-04-03,00:37:50,-07:00,2026-04-03T00:37:50-07:00,8,2
resume/index.html,64,html,5432c43c,van013-svg,2026-04-03,00:37:50,-07:00,2026-04-03T00:37:50-07:00,8,2
resume/index.html,65,html,5432c43c,van013-svg,2026-04-03,00:37:50,-07:00,2026-04-03T00:37:50-07:00,10,123
resume/index.html,66,html,5432c43c,van013-svg,2026-04-03,00:37:50,-07:00,2026-04-03T00:37:50-07:00,10,170
resume/index.html,67,html,5432c43c,van013-svg,2026-04-03,00:37:50,-07:00,2026-04-03T00:37:50-07:00,10,188
resume/index.html,68,html,5432c43c,van013-svg,2026-04-03,00:37:50,-07:00,2026-04-03T00:37:50-07:00,8,3
resume/index.html,69,html,5432c43c,van013-svg,2026-04-03,00:37:50,-07:00,2026-04-03T00:37:50-07:00,6,8
resume/index.html,70,html,5432c43c,van013-svg,2026-04-03,00:37:50,-07:00,2026-04-03T00:37:50-07:00,6,7
resume/index.html,71,html,5432c43c,van013-svg,2026-04-03,00:37:50,-07:00,2026-04-03T00:37:50-07:00,8,35
resume/index.html,72,html,5432c43c,van013-svg,2026-04-03,00:37:50,-07:00,2026-04-03T00:37:50-07:00,8,1
resume/index.html,73,html,5432c43c,van013-svg,2026-04-03,00:37:50,-07:00,2026-04-03T00:37:50-07:00,10,55
resume/index.html,74,html,5432c43c,van013-svg,2026-04-03,00:37:50,-07:00,2026-04-03T00:37:50-07:00,8,2
resume/index.html,75,html,5432c43c,van013-svg,2026-04-03,00:37:50,-07:00,2026-04-03T00:37:50-07:00,8,2
resume/index.html,76,html,5432c43c,van013-svg,2026-04-03,00:37:50,-07:00,2026-04-03T00:37:50-07:00,10,194
resume/index.html,77,html,5432c43c,van013-svg,2026-04-03,00:37:50,-07:00,2026-04-03T00:37:50-07:00,8,3
resume/index.html,78,html,07aec6ba,van013-svg,2026-04-03,00:39:45,-07:00,2026-04-03T00:39:45-07:00,6,8
resume/index.html,79,html,07aec6ba,van013-svg,2026-04-03,00:39:45,-07:00,2026-04-03T00:39:45-07:00,2,8
resume/index.html,80,html,c85f9906,van013-svg,2026-04-03,00:44:48,-07:00,2026-04-03T00:44:48-07:00,2,7
resume/index.html,81,html,c85f9906,van013-svg,2026-04-03,00:44:48,-07:00,2026-04-03T00:44:48-07:00,4,27
resume/index.html,82,html,c85f9906,van013-svg,2026-04-03,00:44:48,-07:00,2026-04-03T00:44:48-07:00,4,7
resume/index.html,83,html,c85f9906,van013-svg,2026-04-03,00:44:48,-07:00,2026-04-03T00:44:48-07:00,8,39
resume/index.html,84,html,c85f9906,van013-svg,2026-04-03,00:44:48,-07:00,2026-04-03T00:44:48-07:00,8,1
resume/index.html,85,html,c85f9906,van013-svg,2026-04-03,00:44:48,-07:00,2026-04-03T00:44:48-07:00,10,53
resume/index.html,86,html,c85f9906,van013-svg,2026-04-03,00:44:48,-07:00,2026-04-03T00:44:48-07:00,8,2
resume/index.html,87,html,c85f9906,van013-svg,2026-04-03,00:44:48,-07:00,2026-04-03T00:44:48-07:00,8,2
resume/index.html,88,html,c85f9906,van013-svg,2026-04-03,00:44:48,-07:00,2026-04-03T00:44:48-07:00,10,88
resume/index.html,89,html,c85f9906,van013-svg,2026-04-03,00:44:48,-07:00,2026-04-03T00:44:48-07:00,10,97
resume/index.html,90,html,c85f9906,van013-svg,2026-04-03,00:44:48,-07:00,2026-04-03T00:44:48-07:00,8,3
resume/index.html,91,html,c85f9906,van013-svg,2026-04-03,00:44:48,-07:00,2026-04-03T00:44:48-07:00,6,8
resume/index.html,92,html,c85f9906,van013-svg,2026-04-03,00:44:48,-07:00,2026-04-03T00:44:48-07:00,2,8
resume/index.html,93,html,a44b3e0f,van013-svg,2026-04-03,00:11:27,-07:00,2026-04-03T00:11:27-07:00,0,5
resume/index.html,94,html,a44b3e0f,van013-svg,2026-04-03,00:11:27,-07:00,2026-04-03T00:11:27-07:00,0,5
projects/projects.js,1,js,3d428f03,van013-svg,2026-05-01,10:43:28,-07:00,2026-05-01T10:43:28-07:00,0,63
projects/projects.js,2,js,8d119959,van013-svg,2026-04-23,23:21:08,-07:00,2026-04-23T23:21:08-07:00,0,55
projects/projects.js,3,js,8d119959,van013-svg,2026-04-23,23:21:08,-07:00,2026-04-23T23:21:08-07:00,0,0
projects/projects.js,4,js,8d119959,van013-svg,2026-04-23,23:21:08,-07:00,2026-04-23T23:21:08-07:00,0,55
projects/projects.js,5,js,8d119959,van013-svg,2026-04-23,23:21:08,-07:00,2026-04-23T23:21:08-07:00,0,0
projects/projects.js,6,js,8d119959,van013-svg,2026-04-23,23:21:08,-07:00,2026-04-23T23:21:08-07:00,0,60
projects/projects.js,7,js,88fddcf4,van013-svg,2026-05-01,15:38:07,-07:00,2026-05-01T15:38:07-07:00,0,55
projects/projects.js,8,js,63a44de2,van013-svg,2026-05-02,23:12:24,-07:00,2026-05-02T23:12:24-07:00,0,0
projects/projects.js,9,js,e49fe715,van013-svg,2026-05-01,13:41:10,-07:00,2026-05-01T13:41:10-07:00,0,13
projects/projects.js,10,js,e49fe715,van013-svg,2026-05-01,13:41:10,-07:00,2026-05-01T13:41:10-07:00,0,21
projects/projects.js,11,js,e49fe715,van013-svg,2026-05-01,13:41:10,-07:00,2026-05-01T13:41:10-07:00,0,0
projects/projects.js,12,js,63a44de2,van013-svg,2026-05-02,23:12:24,-07:00,2026-05-02T23:12:24-07:00,0,25
projects/projects.js,13,js,63a44de2,van013-svg,2026-05-02,23:12:24,-07:00,2026-05-02T23:12:24-07:00,1,31
projects/projects.js,14,js,63a44de2,van013-svg,2026-05-02,23:12:24,-07:00,2026-05-02T23:12:24-07:00,2,20
projects/projects.js,15,js,63a44de2,van013-svg,2026-05-02,23:12:24,-07:00,2026-05-02T23:12:24-07:00,3,8
projects/projects.js,16,js,63a44de2,van013-svg,2026-05-02,23:12:24,-07:00,2026-05-02T23:12:24-07:00,3,12
projects/projects.js,17,js,63a44de2,van013-svg,2026-05-02,23:12:24,-07:00,2026-05-02T23:12:24-07:00,3,14
projects/projects.js,18,js,63a44de2,van013-svg,2026-05-02,23:12:24,-07:00,2026-05-02T23:12:24-07:00,1,0
projects/projects.js,19,js,6f55ade5,van013-svg,2026-04-24,10:43:11,-07:00,2026-04-24T10:43:11-07:00,0,0
projects/projects.js,20,js,6f55ade5,van013-svg,2026-04-24,10:43:11,-07:00,2026-04-24T10:43:11-07:00,0,0
projects/projects.js,21,js,f5d1fb4d,van013-svg,2026-05-01,13:20:15,-07:00,2026-05-01T13:20:15-07:00,0,38
projects/projects.js,22,js,63a44de2,van013-svg,2026-05-02,23:12:24,-07:00,2026-05-02T23:12:24-07:00,1,42
projects/projects.js,23,js,63a44de2,van013-svg,2026-05-02,23:12:24,-07:00,2026-05-02T23:12:24-07:00,1,34
projects/projects.js,24,js,63a44de2,van013-svg,2026-05-02,23:12:24,-07:00,2026-05-02T23:12:24-07:00,0,0
projects/projects.js,25,js,63a44de2,van013-svg,2026-05-02,23:12:24,-07:00,2026-05-02T23:12:24-07:00,1,29
projects/projects.js,26,js,63a44de2,van013-svg,2026-05-02,23:12:24,-07:00,2026-05-02T23:12:24-07:00,1,30
projects/projects.js,27,js,63a44de2,van013-svg,2026-05-02,23:12:24,-07:00,2026-05-02T23:12:24-07:00,0,0
projects/projects.js,28,js,63a44de2,van013-svg,2026-05-02,23:12:24,-07:00,2026-05-02T23:12:24-07:00,1,24
projects/projects.js,29,js,f5d1fb4d,van013-svg,2026-05-01,13:20:15,-07:00,2026-05-01T13:20:15-07:00,2,12
projects/projects.js,30,js,63a44de2,van013-svg,2026-05-02,23:12:24,-07:00,2026-05-02T23:12:24-07:00,2,12
projects/projects.js,31,js,63a44de2,van013-svg,2026-05-02,23:12:24,-07:00,2026-05-02T23:12:24-07:00,2,9
projects/projects.js,32,js,f5d1fb4d,van013-svg,2026-05-01,13:20:15,-07:00,2026-05-01T13:20:15-07:00,1,0
projects/projects.js,33,js,f5d1fb4d,van013-svg,2026-05-01,13:20:15,-07:00,2026-05-01T13:20:15-07:00,0,0
projects/projects.js,34,js,63a44de2,van013-svg,2026-05-02,23:12:24,-07:00,2026-05-02T23:12:24-07:00,1,43
projects/projects.js,35,js,f5d1fb4d,van013-svg,2026-05-01,13:20:15,-07:00,2026-05-01T13:20:15-07:00,2,10
projects/projects.js,36,js,f5d1fb4d,van013-svg,2026-05-01,13:20:15,-07:00,2026-05-01T13:20:15-07:00,2,10
projects/projects.js,37,js,f5d1fb4d,van013-svg,2026-05-01,13:20:15,-07:00,2026-05-01T13:20:15-07:00,1,2
projects/projects.js,38,js,f5d1fb4d,van013-svg,2026-05-01,13:20:15,-07:00,2026-05-01T13:20:15-07:00,0,0
projects/projects.js,39,js,63a44de2,van013-svg,2026-05-02,23:12:24,-07:00,2026-05-02T23:12:24-07:00,1,49
projects/projects.js,40,js,f5d1fb4d,van013-svg,2026-05-01,13:20:15,-07:00,2026-05-01T13:20:15-07:00,0,0
projects/projects.js,41,js,63a44de2,van013-svg,2026-05-02,23:12:24,-07:00,2026-05-02T23:12:24-07:00,1,18
projects/projects.js,42,js,f5d1fb4d,van013-svg,2026-05-01,13:20:15,-07:00,2026-05-01T13:20:15-07:00,2,13
projects/projects.js,43,js,f5d1fb4d,van013-svg,2026-05-01,13:20:15,-07:00,2026-05-01T13:20:15-07:00,2,15
projects/projects.js,44,js,f5d1fb4d,van013-svg,2026-05-01,13:20:15,-07:00,2026-05-01T13:20:15-07:00,0,0
projects/projects.js,45,js,63a44de2,van013-svg,2026-05-02,23:12:24,-07:00,2026-05-02T23:12:24-07:00,1,48
projects/projects.js,46,js,f5d1fb4d,van013-svg,2026-05-01,13:20:15,-07:00,2026-05-01T13:20:15-07:00,0,0
projects/projects.js,47,js,f5d1fb4d,van013-svg,2026-05-01,13:20:15,-07:00,2026-05-01T13:20:15-07:00,1,19
projects/projects.js,48,js,f5d1fb4d,van013-svg,2026-05-01,13:20:15,-07:00,2026-05-01T13:20:15-07:00,2,12
projects/projects.js,49,js,f5d1fb4d,van013-svg,2026-05-01,13:20:15,-07:00,2026-05-01T13:20:15-07:00,2,11
projects/projects.js,50,js,63a44de2,van013-svg,2026-05-02,23:12:24,-07:00,2026-05-02T23:12:24-07:00,2,13
projects/projects.js,51,js,63a44de2,van013-svg,2026-05-02,23:12:24,-07:00,2026-05-02T23:12:24-07:00,2,31
projects/projects.js,52,js,e49fe715,van013-svg,2026-05-01,13:41:10,-07:00,2026-05-01T13:41:10-07:00,2,22
projects/projects.js,53,js,e49fe715,van013-svg,2026-05-01,13:41:10,-07:00,2026-05-01T13:41:10-07:00,3,37
projects/projects.js,54,js,e49fe715,van013-svg,2026-05-01,13:41:10,-07:00,2026-05-01T13:41:10-07:00,2,0
projects/projects.js,55,js,e49fe715,van013-svg,2026-05-01,13:41:10,-07:00,2026-05-01T13:41:10-07:00,2,26
projects/projects.js,56,js,63a44de2,van013-svg,2026-05-02,23:12:24,-07:00,2026-05-02T23:12:24-07:00,3,16
projects/projects.js,57,js,63a44de2,van013-svg,2026-05-02,23:12:24,-07:00,2026-05-02T23:12:24-07:00,0,0
projects/projects.js,58,js,e49fe715,van013-svg,2026-05-01,13:41:10,-07:00,2026-05-01T13:41:10-07:00,3,43
projects/projects.js,59,js,88fddcf4,van013-svg,2026-05-01,15:38:07,-07:00,2026-05-01T15:38:07-07:00,0,0
projects/projects.js,60,js,63a44de2,van013-svg,2026-05-02,23:12:24,-07:00,2026-05-02T23:12:24-07:00,3,30
projects/projects.js,61,js,88fddcf4,van013-svg,2026-05-01,15:38:07,-07:00,2026-05-01T15:38:07-07:00,0,0
projects/projects.js,62,js,88fddcf4,van013-svg,2026-05-01,15:38:07,-07:00,2026-05-01T15:38:07-07:00,3,25
projects/projects.js,63,js,63a44de2,van013-svg,2026-05-02,23:12:24,-07:00,2026-05-02T23:12:24-07:00,4,45
projects/projects.js,64,js,63a44de2,van013-svg,2026-05-02,23:12:24,-07:00,2026-05-02T23:12:24-07:00,4,55
projects/projects.js,65,js,88fddcf4,van013-svg,2026-05-01,15:38:07,-07:00,2026-05-01T15:38:07-07:00,3,0
projects/projects.js,66,js,88fddcf4,van013-svg,2026-05-01,15:38:07,-07:00,2026-05-01T15:38:07-07:00,0,0
projects/projects.js,67,js,63a44de2,van013-svg,2026-05-02,23:12:24,-07:00,2026-05-02T23:12:24-07:00,3,48
projects/projects.js,68,js,63a44de2,van013-svg,2026-05-02,23:12:24,-07:00,2026-05-02T23:12:24-07:00,0,0
projects/projects.js,69,js,63a44de2,van013-svg,2026-05-02,23:12:24,-07:00,2026-05-02T23:12:24-07:00,3,19
projects/projects.js,70,js,63a44de2,van013-svg,2026-05-02,23:12:24,-07:00,2026-05-02T23:12:24-07:00,4,24
projects/projects.js,71,js,63a44de2,van013-svg,2026-05-02,23:12:24,-07:00,2026-05-02T23:12:24-07:00,5,39
projects/projects.js,72,js,63a44de2,van013-svg,2026-05-02,23:12:24,-07:00,2026-05-02T23:12:24-07:00,4,0
projects/projects.js,73,js,63a44de2,van013-svg,2026-05-02,23:12:24,-07:00,2026-05-02T23:12:24-07:00,0,0
projects/projects.js,74,js,63a44de2,van013-svg,2026-05-02,23:12:24,-07:00,2026-05-02T23:12:24-07:00,3,20
projects/projects.js,75,js,63a44de2,van013-svg,2026-05-02,23:12:24,-07:00,2026-05-02T23:12:24-07:00,4,24
projects/projects.js,76,js,63a44de2,van013-svg,2026-05-02,23:12:24,-07:00,2026-05-02T23:12:24-07:00,5,39
projects/projects.js,77,js,63a44de2,van013-svg,2026-05-02,23:12:24,-07:00,2026-05-02T23:12:24-07:00,4,0
projects/projects.js,78,js,e49fe715,van013-svg,2026-05-01,13:41:10,-07:00,2026-05-01T13:41:10-07:00,2,1
projects/projects.js,79,js,f5d1fb4d,van013-svg,2026-05-01,13:20:15,-07:00,2026-05-01T13:20:15-07:00,0,0
projects/projects.js,80,js,f5d1fb4d,van013-svg,2026-05-01,13:20:15,-07:00,2026-05-01T13:20:15-07:00,1,20
projects/projects.js,81,js,f5d1fb4d,van013-svg,2026-05-01,13:20:15,-07:00,2026-05-01T13:20:15-07:00,2,9
projects/projects.js,82,js,f5d1fb4d,van013-svg,2026-05-01,13:20:15,-07:00,2026-05-01T13:20:15-07:00,2,9
projects/projects.js,83,js,63a44de2,van013-svg,2026-05-02,23:12:24,-07:00,2026-05-02T23:12:24-07:00,2,45
projects/projects.js,84,js,e49fe715,van013-svg,2026-05-01,13:41:10,-07:00,2026-05-01T13:41:10-07:00,2,22
projects/projects.js,85,js,e49fe715,van013-svg,2026-05-01,13:41:10,-07:00,2026-05-01T13:41:10-07:00,3,37
projects/projects.js,86,js,e49fe715,van013-svg,2026-05-01,13:41:10,-07:00,2026-05-01T13:41:10-07:00,2,0
projects/projects.js,87,js,f5d1fb4d,van013-svg,2026-05-01,13:20:15,-07:00,2026-05-01T13:20:15-07:00,2,65
projects/projects.js,88,js,f5d1fb4d,van013-svg,2026-05-01,13:20:15,-07:00,2026-05-01T13:20:15-07:00,0,0
projects/projects.js,89,js,0db9ae8f,van013-svg,2026-05-01,11:32:33,-07:00,2026-05-01T11:32:33-07:00,0,0
projects/projects.js,90,js,57cd3a87,van013-svg,2026-05-02,23:20:40,-07:00,2026-05-02T23:20:40-07:00,0,0
projects/projects.js,91,js,63a44de2,van013-svg,2026-05-02,23:12:24,-07:00,2026-05-02T23:12:24-07:00,0,48
projects/projects.js,92,js,f5d1fb4d,van013-svg,2026-05-01,13:20:15,-07:00,2026-05-01T13:20:15-07:00,0,23
projects/projects.js,93,js,88fddcf4,van013-svg,2026-05-01,15:38:07,-07:00,2026-05-01T15:38:07-07:00,0,0
projects/projects.js,94,js,f5d1fb4d,van013-svg,2026-05-01,13:20:15,-07:00,2026-05-01T13:20:15-07:00,0,48
projects/projects.js,95,js,88fddcf4,van013-svg,2026-05-01,15:38:07,-07:00,2026-05-01T15:38:07-07:00,1,39
projects/projects.js,96,js,f5d1fb4d,van013-svg,2026-05-01,13:20:15,-07:00,2026-05-01T13:20:15-07:00,0,0
projects/projects.js,97,js,57cd3a87,van013-svg,2026-05-02,23:20:40,-07:00,2026-05-02T23:20:40-07:00,1,17
projects/projects.js,98,js,63a44de2,van013-svg,2026-05-02,23:12:24,-07:00,2026-05-02T23:12:24-07:00,0,0
projects/projects.js,99,js,63a44de2,van013-svg,2026-05-02,23:12:24,-07:00,2026-05-02T23:12:24-07:00,1,32
projects/projects.js,100,js,f5d1fb4d,van013-svg,2026-05-01,13:20:15,-07:00,2026-05-01T13:20:15-07:00,0,0
projects/projects.js,101,js,63a44de2,van013-svg,2026-05-02,23:12:24,-07:00,2026-05-02T23:12:24-07:00,1,48
projects/projects.js,102,js,63a44de2,van013-svg,2026-05-02,23:12:24,-07:00,2026-05-02T23:12:24-07:00,1,23
projects/projects.js,103,js,e49fe715,van013-svg,2026-05-01,13:41:10,-07:00,2026-05-01T13:41:10-07:00,0,1
projects/index.html,1,html,8f038fa4,van013-svg,2026-04-03,00:03:26,-07:00,2026-04-03T00:03:26-07:00,0,13
projects/index.html,2,html,8f038fa4,van013-svg,2026-04-03,00:03:26,-07:00,2026-04-03T00:03:26-07:00,0,14
projects/index.html,3,html,8f038fa4,van013-svg,2026-04-03,00:03:26,-07:00,2026-04-03T00:03:26-07:00,0,4
projects/index.html,4,html,8f038fa4,van013-svg,2026-04-03,00:03:26,-07:00,2026-04-03T00:03:26-07:00,2,20
projects/index.html,5,html,8f038fa4,van013-svg,2026-04-03,00:03:26,-07:00,2026-04-03T00:03:26-07:00,2,68
projects/index.html,6,html,8f038fa4,van013-svg,2026-04-03,00:03:26,-07:00,2026-04-03T00:03:26-07:00,2,21
projects/index.html,7,html,8f038fa4,van013-svg,2026-04-03,00:03:26,-07:00,2026-04-03T00:03:26-07:00,2,41
projects/index.html,8,html,8f038fa4,van013-svg,2026-04-03,00:03:26,-07:00,2026-04-03T00:03:26-07:00,0,5
projects/index.html,9,html,bed93ffa,van013-svg,2026-04-02,01:29:25,-07:00,2026-04-02T01:29:25-07:00,0,0
projects/index.html,10,html,8f038fa4,van013-svg,2026-04-03,00:03:26,-07:00,2026-04-03T00:03:26-07:00,0,4
projects/index.html,11,html,eaec0e71,van013-svg,2026-04-24,10:49:17,-07:00,2026-04-24T10:49:17-07:00,2,2
projects/index.html,12,html,7728c8ff,van013-svg,2026-04-24,10:51:00,-07:00,2026-04-24T10:51:00-07:00,4,43
projects/index.html,13,html,eaec0e71,van013-svg,2026-04-24,10:49:17,-07:00,2026-04-24T10:49:17-07:00,2,3
projects/index.html,14,html,3d72bae7,van013-svg,2026-05-01,10:32:33,-07:00,2026-05-01T10:32:33-07:00,0,0
projects/index.html,15,html,0a0bdc4a,van013-svg,2026-05-01,11:58:20,-07:00,2026-05-01T11:58:20-07:00,2,21
projects/index.html,16,html,0a0bdc4a,van013-svg,2026-05-01,11:58:20,-07:00,2026-05-01T11:58:20-07:00,4,58
projects/index.html,17,html,0a0bdc4a,van013-svg,2026-05-01,11:58:20,-07:00,2026-05-01T11:58:20-07:00,4,22
projects/index.html,18,html,0a0bdc4a,van013-svg,2026-05-01,11:58:20,-07:00,2026-05-01T11:58:20-07:00,2,4
projects/index.html,19,html,7065e9e2,van013-svg,2026-05-01,10:39:45,-07:00,2026-05-01T10:39:45-07:00,0,0
projects/index.html,20,html,184a917a,van013-svg,2026-05-01,13:12:11,-07:00,2026-05-01T13:12:11-07:00,2,4
projects/index.html,21,html,184a917a,van013-svg,2026-05-01,13:12:11,-07:00,2026-05-01T13:12:11-07:00,3,15
projects/index.html,22,html,184a917a,van013-svg,2026-05-01,13:12:11,-07:00,2026-05-01T13:12:11-07:00,3,11
projects/index.html,23,html,184a917a,van013-svg,2026-05-01,13:12:11,-07:00,2026-05-01T13:12:11-07:00,3,26
projects/index.html,24,html,184a917a,van013-svg,2026-05-01,13:12:11,-07:00,2026-05-01T13:12:11-07:00,3,31
projects/index.html,25,html,184a917a,van013-svg,2026-05-01,13:12:11,-07:00,2026-05-01T13:12:11-07:00,2,0
projects/index.html,26,html,184a917a,van013-svg,2026-05-01,13:12:11,-07:00,2026-05-01T13:12:11-07:00,0,0
projects/index.html,27,html,fb19812d,van013-svg,2026-04-24,06:48:37,-07:00,2026-04-24T06:48:37-07:00,2,26
projects/index.html,28,html,fb19812d,van013-svg,2026-04-24,06:48:37,-07:00,2026-04-24T06:48:37-07:00,2,48
projects/index.html,29,html,fb19812d,van013-svg,2026-04-24,06:48:37,-07:00,2026-04-24T06:48:37-07:00,2,47
projects/index.html,30,html,fb19812d,van013-svg,2026-04-24,06:48:37,-07:00,2026-04-24T06:48:37-07:00,0,5
projects/index.html,31,html,8f038fa4,van013-svg,2026-04-03,00:03:26,-07:00,2026-04-03T00:03:26-07:00,0,5
contact/index.html,1,html,402ce5cd,van013-svg,2026-04-03,00:05:58,-07:00,2026-04-03T00:05:58-07:00,0,13
contact/index.html,2,html,402ce5cd,van013-svg,2026-04-03,00:05:58,-07:00,2026-04-03T00:05:58-07:00,0,14
contact/index.html,3,html,402ce5cd,van013-svg,2026-04-03,00:05:58,-07:00,2026-04-03T00:05:58-07:00,0,4
contact/index.html,4,html,402ce5cd,van013-svg,2026-04-03,00:05:58,-07:00,2026-04-03T00:05:58-07:00,2,20
contact/index.html,5,html,402ce5cd,van013-svg,2026-04-03,00:05:58,-07:00,2026-04-03T00:05:58-07:00,2,68
contact/index.html,6,html,402ce5cd,van013-svg,2026-04-03,00:05:58,-07:00,2026-04-03T00:05:58-07:00,2,20
contact/index.html,7,html,402ce5cd,van013-svg,2026-04-03,00:05:58,-07:00,2026-04-03T00:05:58-07:00,2,41
contact/index.html,8,html,95305aa2,van013-svg,2026-04-17,13:55:26,-07:00,2026-04-17T13:55:26-07:00,2,48
contact/index.html,9,html,402ce5cd,van013-svg,2026-04-03,00:05:58,-07:00,2026-04-03T00:05:58-07:00,0,5
contact/index.html,10,html,402ce5cd,van013-svg,2026-04-03,00:05:58,-07:00,2026-04-03T00:05:58-07:00,0,0
contact/index.html,11,html,bc604de9,van013-svg,2026-04-02,01:21:37,-07:00,2026-04-02T01:21:37-07:00,0,4
contact/index.html,12,html,bc604de9,van013-svg,2026-04-02,01:21:37,-07:00,2026-04-02T01:21:37-07:00,2,14
contact/index.html,13,html,f2a068b4,van013-svg,2026-04-02,00:57:58,-07:00,2026-04-02T00:57:58-07:00,0,0
contact/index.html,14,html,aa8c9a48,van013-svg,2026-04-17,18:36:12,-07:00,2026-04-17T18:36:12-07:00,2,56
contact/index.html,15,html,bc604de9,van013-svg,2026-04-02,01:21:37,-07:00,2026-04-02T01:21:37-07:00,4,5
contact/index.html,16,html,bc604de9,van013-svg,2026-04-02,01:21:37,-07:00,2026-04-02T01:21:37-07:00,6,6
contact/index.html,17,html,bc604de9,van013-svg,2026-04-02,01:21:37,-07:00,2026-04-02T01:21:37-07:00,6,29
contact/index.html,18,html,ffe59d1b,van013-svg,2026-04-02,01:40:31,-07:00,2026-04-02T01:40:31-07:00,4,6
contact/index.html,19,html,f2a068b4,van013-svg,2026-04-02,00:57:58,-07:00,2026-04-02T00:57:58-07:00,0,0
contact/index.html,20,html,bc604de9,van013-svg,2026-04-02,01:21:37,-07:00,2026-04-02T01:21:37-07:00,4,5
contact/index.html,21,html,bc604de9,van013-svg,2026-04-02,01:21:37,-07:00,2026-04-02T01:21:37-07:00,6,6
contact/index.html,22,html,bc604de9,van013-svg,2026-04-02,01:21:37,-07:00,2026-04-02T01:21:37-07:00,6,49
contact/index.html,23,html,ffe59d1b,van013-svg,2026-04-02,01:40:31,-07:00,2026-04-02T01:40:31-07:00,4,6
contact/index.html,24,html,bc604de9,van013-svg,2026-04-02,01:21:37,-07:00,2026-04-02T01:21:37-07:00,0,0
contact/index.html,25,html,bc604de9,van013-svg,2026-04-02,01:21:37,-07:00,2026-04-02T01:21:37-07:00,4,19
contact/index.html,26,html,bc604de9,van013-svg,2026-04-02,01:21:37,-07:00,2026-04-02T01:21:37-07:00,2,5
contact/index.html,27,html,402ce5cd,van013-svg,2026-04-03,00:05:58,-07:00,2026-04-03T00:05:58-07:00,0,5
contact/index.html,28,html,402ce5cd,van013-svg,2026-04-03,00:05:58,-07:00,2026-04-03T00:05:58-07:00,0,5
